,Customer,Spectral Frequency,K-means cluster
0,2,24.0,1
1,3,24.0,1
2,4,1.72,18
3,5,24.0,1
4,6,24.0,1
5,7,24.0,1
6,9,12.0,2
7,10,24.0,1
8,12,0.55,25
9,14,0.56,25
10,15,0.97,0
11,19,1.0,0
12,21,12.0,2
13,22,1.0,0
14,23,6.0,4
15,24,12.0,2
16,25,24.0,1
17,26,2.4,5
18,28,0.71,13
19,29,0.67,22
20,30,0.58,17
21,31,24.0,1
22,34,1.2,14
23,35,24.0,1
24,37,24.0,1
25,38,24.0,1
26,39,0.5,6
27,41,24.0,1
28,42,12.0,2
29,44,1.02,0
30,45,24.0,1
31,46,0.51,6
32,47,12.0,2
33,48,24.0,1
34,51,24.0,1
35,52,0.5,6
36,53,0.52,6
37,54,6.0,4
38,55,0.75,13
39,56,24.0,1
40,57,0.51,6
41,58,0.59,17
42,59,0.68,22
43,61,24.0,1
44,64,24.0,1
45,65,0.53,6
46,66,0.7,22
47,67,1.09,0
48,68,2.0,9
49,69,0.5,6
50,71,24.0,1
51,73,24.0,1
52,75,24.0,1
53,76,0.55,25
54,77,1.0,0
55,78,8.0,7
56,81,12.0,2
57,82,0.65,22
58,83,24.0,1
59,85,0.5,6
60,87,24.0,1
61,88,0.59,17
62,89,24.0,1
63,92,24.0,1
64,93,1.33,19
65,94,24.0,1
66,95,24.0,1
67,96,0.54,25
68,97,0.5,6
69,99,1.26,19
70,100,24.0,1
71,101,24.0,1
72,102,0.6,17
73,105,24.0,1
74,108,1.0,0
75,109,0.52,6
76,113,0.53,6
77,114,0.51,6
78,115,24.0,1
79,116,24.0,1
80,117,12.0,2
81,118,24.0,1
82,120,24.0,1
83,121,1.0,0
84,125,3.81,8
85,126,24.0,1
86,128,12.0,2
87,129,4.0,8
88,132,0.56,25
89,133,12.0,2
90,134,24.0,1
91,136,2.4,5
92,137,0.5,6
93,139,8.0,7
94,140,0.51,6
95,141,24.0,1
96,142,24.0,1
97,143,6.45,23
98,145,24.0,1
99,146,6.0,4
100,147,0.51,6
101,149,1.0,0
102,150,0.5,6
103,153,0.68,22
104,154,24.0,1
105,155,0.52,6
106,156,24.0,1
107,157,24.0,1
108,159,24.0,1
109,161,24.0,1
110,163,24.0,1
111,165,3.0,11
112,166,24.0,1
113,169,0.5,6
114,170,24.0,1
115,171,24.0,1
116,174,0.6,17
117,175,1.36,19
118,176,0.5,6
119,177,1.33,19
120,179,1.0,0
121,182,1.0,0
122,183,24.0,1
123,184,24.0,1
124,185,24.0,1
125,187,0.5,6
126,188,0.55,25
127,189,0.65,22
128,190,0.52,6
129,193,0.52,6
130,194,1.34,19
131,195,0.5,6
132,198,1.2,14
133,199,24.0,1
134,200,0.51,6
135,202,0.53,6
136,204,24.0,1
137,205,0.52,6
138,207,0.63,22
139,208,0.69,22
140,213,24.0,1
141,214,1.57,18
142,218,24.0,1
143,219,12.0,2
144,220,0.5,6
145,221,24.0,1
146,222,24.0,1
147,224,24.0,1
148,225,24.0,1
149,226,0.95,0
150,227,12.0,2
151,230,0.53,6
152,231,0.51,6
153,232,0.58,17
154,234,0.6,17
155,235,12.0,2
156,236,2.0,9
157,237,24.0,1
158,238,0.69,22
159,239,1.0,0
160,240,24.0,1
161,241,1.41,10
162,245,24.0,1
163,248,0.5,6
164,249,24.0,1
165,250,24.0,1
166,252,0.51,6
167,253,8.0,7
168,254,0.52,6
169,255,24.0,1
170,256,2.4,5
171,259,1.0,0
172,260,3.0,11
173,261,0.5,6
174,265,24.06,1
175,266,0.52,6
176,267,0.5,6
177,268,0.5,6
178,271,0.57,25
179,272,2.4,5
180,273,24.0,1
181,275,0.68,22
182,277,1.0,0
183,279,24.0,1
184,281,0.52,6
185,282,0.6,17
186,283,1.26,19
187,284,1.0,0
188,285,24.0,1
189,286,0.5,6
190,287,0.87,21
191,288,8.0,7
192,289,0.7,22
193,292,0.56,25
194,294,1.26,19
195,295,0.51,6
196,296,0.5,6
197,297,24.0,1
198,298,24.0,1
199,299,24.0,1
200,300,12.0,2
201,303,24.0,1
202,304,0.5,6
203,306,24.0,1
204,307,24.0,1
205,308,0.5,6
206,309,24.0,1
207,311,1.0,0
208,312,2.0,9
209,313,0.65,22
210,314,24.0,1
211,315,0.92,21
212,317,8.0,7
213,319,24.0,1
214,320,24.0,1
215,323,0.52,6
216,324,24.0,1
217,326,24.0,1
218,327,24.0,1
219,330,24.0,1
220,331,0.62,17
221,332,0.55,25
222,333,0.52,6
223,334,1.6,18
224,335,0.75,13
225,336,1.6,18
226,338,12.0,2
227,340,0.55,25
228,342,0.86,21
229,345,0.54,25
230,346,24.0,1
231,347,24.0,1
232,349,24.0,1
233,350,12.0,2
234,351,0.58,17
235,352,8.0,7
236,353,0.52,6
237,356,0.67,22
238,360,2.67,16
239,361,0.6,17
240,362,0.66,22
241,363,24.0,1
242,364,24.0,1
243,366,24.0,1
244,367,0.57,25
245,368,2.67,16
246,369,0.53,6
247,370,12.0,2
248,371,0.54,25
249,372,0.62,17
250,373,1.09,0
251,375,24.0,1
252,376,0.73,13
253,377,24.0,1
254,380,0.86,21
255,381,1.33,19
256,383,0.74,13
257,384,24.0,1
258,385,0.6,17
259,386,1.17,14
260,388,12.0,2
261,389,0.5,6
262,392,1.0,0
263,394,0.61,17
264,397,24.0,1
265,398,0.51,6
266,401,6.0,4
267,402,0.75,13
268,403,0.96,0
269,404,12.0,2
270,405,0.5,6
271,406,12.0,2
272,407,3.0,11
273,408,24.0,1
274,410,0.63,22
275,411,1.0,0
276,412,0.52,6
277,413,0.51,6
278,414,24.0,1
279,415,0.5,6
280,416,0.89,21
281,417,24.0,1
282,418,24.0,1
283,419,1.0,0
284,421,24.0,1
285,423,24.0,1
286,425,0.5,6
287,426,0.55,25
288,427,1.41,10
289,428,24.0,1
290,430,1.2,14
291,432,1.04,0
292,433,24.0,1
293,434,24.0,1
294,436,1.0,0
295,437,24.0,1
296,438,0.67,22
297,439,2.0,9
298,440,24.0,1
299,441,2.18,20
300,442,24.0,1
301,443,24.0,1
302,445,24.0,1
303,448,0.51,6
304,449,24.0,1
305,450,0.51,6
306,451,0.59,17
307,452,1.0,0
308,453,0.5,6
309,454,24.0,1
310,455,24.0,1
311,457,24.0,1
312,458,0.5,6
313,459,0.5,6
314,460,0.73,13
315,461,24.0,1
316,463,24.0,1
317,465,24.0,1
318,466,2.4,5
319,467,24.0,1
320,468,24.0,1
321,470,0.51,6
322,471,0.53,6
323,473,1.04,0
324,474,0.69,22
325,475,0.75,13
326,481,0.5,6
327,482,0.56,25
328,484,0.6,17
329,485,24.0,1
330,486,0.55,25
331,487,1.0,0
332,488,12.0,2
333,489,0.55,25
334,490,0.54,25
335,491,24.0,1
336,493,0.7,22
337,494,1.0,0
338,497,24.0,1
339,498,0.52,6
340,499,24.0,1
341,500,0.67,22
342,501,12.0,2
343,502,1.41,10
344,503,24.0,1
345,505,12.0,2
346,508,8.0,7
347,509,24.0,1
348,510,24.0,1
349,511,0.77,13
350,512,0.5,6
351,513,0.5,6
352,514,24.0,1
353,518,12.0,2
354,520,0.57,25
355,521,0.56,25
356,522,0.75,13
357,523,24.0,1
358,524,0.55,25
359,525,24.0,1
360,526,12.0,2
361,527,0.52,6
362,529,0.54,25
363,531,24.0,1
364,533,0.51,6
365,536,24.0,1
366,537,12.0,2
367,538,12.0,2
368,543,24.0,1
369,544,0.5,6
370,545,24.0,1
371,546,24.0,1
372,547,24.0,1
373,548,0.6,17
374,549,24.0,1
375,554,0.5,6
376,555,24.0,1
377,556,24.0,1
378,557,24.0,1
379,558,24.0,1
380,559,24.0,1
381,560,0.51,6
382,561,0.51,6
383,562,24.0,1
384,563,24.0,1
385,564,1.33,19
386,566,0.52,6
387,567,24.0,1
388,568,24.0,1
389,569,0.51,6
390,571,12.0,2
391,572,0.68,22
392,575,0.51,6
393,576,24.0,1
394,577,0.5,6
395,578,2.67,16
396,579,1.33,19
397,580,0.6,17
398,581,0.56,25
399,582,0.7,22
400,583,24.0,1
401,584,0.67,22
402,585,8.0,7
403,587,24.0,1
404,588,0.51,6
405,589,0.53,6
406,590,0.54,25
407,592,2.0,9
408,595,0.56,25
409,597,0.52,6
410,598,0.55,25
411,599,1.5,10
412,601,0.52,6
413,603,24.0,1
414,605,2.0,9
415,607,24.0,1
416,608,24.0,1
417,610,24.0,1
418,611,0.56,25
419,613,1.24,14
420,614,6.0,4
421,615,0.52,6
422,616,0.82,21
423,618,0.55,25
424,619,0.75,13
425,620,0.5,6
426,621,24.0,1
427,622,24.0,1
428,624,0.5,6
429,625,24.0,1
430,627,24.0,1
431,630,2.4,5
432,631,24.0,1
433,633,24.0,1
434,634,0.51,6
435,637,1.5,10
436,638,1.0,0
437,639,24.0,1
438,640,24.0,1
439,641,0.55,25
440,642,24.0,1
441,643,0.51,6
442,647,0.5,6
443,648,24.0,1
444,649,24.0,1
445,650,0.55,25
446,651,0.67,22
447,653,24.0,1
448,654,24.0,1
449,655,0.86,21
450,656,24.0,1
451,658,24.0,1
452,659,24.0,1
453,661,3.0,11
454,662,0.66,22
455,663,24.0,1
456,665,1.41,10
457,666,0.5,6
458,667,0.57,25
459,669,12.0,2
460,671,24.0,1
461,672,0.57,25
462,673,0.51,6
463,674,24.0,1
464,675,0.53,6
465,676,24.0,1
466,677,24.0,1
467,678,0.61,17
468,682,0.51,6
469,684,24.0,1
470,685,0.6,17
471,686,24.0,1
472,687,0.6,17
473,688,12.0,2
474,689,1.0,0
475,692,0.5,6
476,693,24.0,1
477,694,24.0,1
478,696,24.0,1
479,698,0.54,25
480,700,1.5,10
481,702,1.0,0
482,703,2.0,9
483,704,24.0,1
484,705,24.0,1
485,707,24.0,1
486,708,24.0,1
487,710,24.0,1
488,713,0.51,6
489,714,0.72,13
490,715,2.0,9
491,717,24.0,1
492,718,24.0,1
493,719,24.0,1
494,720,24.0,1
495,721,0.85,21
496,722,0.5,6
497,723,1.71,18
498,725,0.51,6
499,727,24.0,1
500,728,24.0,1
501,729,0.75,13
502,730,0.54,25
503,731,0.51,6
504,732,24.0,1
505,734,24.0,1
506,735,1.0,0
507,737,1.04,0
508,738,24.0,1
509,741,1.14,14
510,742,2.18,20
511,745,6.0,4
512,746,0.96,0
513,747,24.0,1
514,749,12.0,2
515,750,2.0,9
516,752,0.56,25
517,753,12.0,2
518,756,4.8,12
519,757,0.5,6
520,758,0.62,17
521,759,24.0,1
522,763,24.0,1
523,765,24.0,1
524,768,2.67,16
525,770,0.6,17
526,771,0.92,21
527,773,24.0,1
528,774,0.86,21
529,775,24.0,1
530,776,1.34,19
531,777,0.5,6
532,778,0.75,13
533,779,0.61,17
534,781,24.0,1
535,785,24.0,1
536,786,2.4,5
537,787,24.0,1
538,788,24.0,1
539,790,1.33,19
540,796,0.59,17
541,797,24.0,1
542,798,0.77,13
543,799,24.0,1
544,802,24.0,1
545,805,24.0,1
546,806,24.0,1
547,808,12.0,2
548,809,8.0,7
549,810,8.0,7
550,812,24.0,1
551,813,1.56,10
552,814,1.33,19
553,815,1.0,0
554,817,24.0,1
555,818,1.04,0
556,820,0.5,6
557,822,24.0,1
558,823,0.53,6
559,824,1.0,0
560,827,0.86,21
561,828,24.0,1
562,829,6.0,4
563,831,8.0,7
564,832,24.0,1
565,834,24.0,1
566,835,24.0,1
567,836,12.0,2
568,837,24.0,1
569,839,1.71,18
570,843,1.26,19
571,844,24.0,1
572,845,24.0,1
573,846,24.0,1
574,849,24.0,1
575,851,3.43,15
576,852,0.63,22
577,854,24.0,1
578,858,0.57,25
579,861,24.0,1
580,862,0.56,25
581,863,0.96,0
582,864,1.41,10
583,865,24.0,1
584,867,24.0,1
585,868,24.0,1
586,869,24.0,1
587,872,0.51,6
588,873,24.0,1
589,874,24.0,1
590,875,24.0,1
591,877,0.96,0
592,878,24.0,1
593,880,0.59,17
594,881,0.5,6
595,883,24.0,1
596,884,0.51,6
597,888,12.0,2
598,889,4.0,8
599,890,0.67,22
600,891,0.5,6
601,893,24.0,1
602,895,0.83,21
603,897,24.0,1
604,898,0.5,6
605,899,0.5,6
606,900,24.0,1
607,902,0.55,25
608,903,24.0,1
609,904,24.0,1
610,905,24.0,1
611,906,2.0,9
612,907,24.0,1
613,910,1.33,19
614,911,1.6,18
615,912,0.51,6
616,915,24.0,1
617,917,0.59,17
618,918,24.0,1
619,921,0.5,6
620,925,24.0,1
621,927,24.0,1
622,931,0.51,6
623,932,0.55,25
624,934,0.55,25
625,935,0.67,22
626,936,24.0,1
627,938,0.54,25
628,939,0.67,22
629,940,8.0,7
630,941,12.0,2
631,943,0.56,25
632,944,0.5,6
633,945,0.88,21
634,946,0.53,6
635,948,0.54,25
636,952,24.0,1
637,954,0.52,6
638,955,24.0,1
639,957,12.0,2
640,958,0.67,22
641,961,24.0,1
642,963,0.76,13
643,964,24.0,1
644,966,1.2,14
645,967,0.5,6
646,969,24.0,1
647,973,24.0,1
648,977,24.0,1
649,978,24.0,1
650,986,24.0,1
651,987,24.0,1
652,988,4.14,8
653,991,0.53,6
654,992,0.89,21
655,993,24.0,1
656,994,24.0,1
657,995,0.54,25
658,997,24.0,1
659,999,24.0,1
660,1001,0.6,17
661,1003,24.0,1
662,1004,0.5,6
663,1005,0.58,17
664,1007,4.8,12
665,1008,0.52,6
666,1009,24.0,1
667,1010,24.0,1
668,1014,0.52,6
669,1015,24.0,1
670,1016,24.0,1
671,1017,0.51,6
672,1018,24.0,1
673,1019,0.53,6
674,1021,24.0,1
675,1023,24.0,1
676,1024,3.0,11
677,1025,0.52,6
678,1028,24.0,1
679,1030,0.5,6
680,1031,24.0,1
681,1033,24.0,1
682,1037,0.51,6
683,1039,24.0,1
684,1040,24.0,1
685,1041,12.0,2
686,1045,0.58,17
687,1046,0.5,6
688,1048,24.0,1
689,1049,24.0,1
690,1050,6.0,4
691,1052,12.0,2
692,1053,1.5,10
693,1054,0.59,17
694,1055,24.0,1
695,1056,0.52,6
696,1057,8.0,7
697,1058,0.51,6
698,1060,24.0,1
699,1062,24.0,1
700,1063,2.67,16
701,1064,24.0,1
702,1065,24.0,1
703,1066,24.0,1
704,1067,2.4,5
705,1068,0.5,6
706,1070,8.0,7
707,1071,24.0,1
708,1072,24.0,1
709,1073,0.83,21
710,1074,24.0,1
711,1075,24.0,1
712,1076,24.0,1
713,1077,24.0,1
714,1081,24.0,1
715,1082,0.5,6
716,1083,0.55,25
717,1084,24.0,1
718,1085,24.0,1
719,1087,24.0,1
720,1088,12.0,2
721,1089,24.0,1
722,1091,0.53,6
723,1093,0.5,6
724,1094,24.0,1
725,1096,0.52,6
726,1097,0.52,6
727,1098,1.0,0
728,1099,0.57,25
729,1103,12.0,2
730,1105,24.0,1
731,1106,12.0,2
732,1107,0.54,25
733,1109,24.0,1
734,1110,24.0,1
735,1111,0.51,6
736,1112,24.0,1
737,1113,0.51,6
738,1114,0.5,6
739,1115,0.5,6
740,1116,0.57,25
741,1117,1.41,10
742,1118,0.55,25
743,1119,0.57,25
744,1121,24.0,1
745,1123,0.51,6
746,1124,0.65,22
747,1125,0.61,17
748,1126,1.0,0
749,1127,0.59,17
750,1131,1.2,14
751,1133,0.53,6
752,1135,6.0,4
753,1136,0.55,25
754,1137,24.0,1
755,1139,12.0,2
756,1140,0.5,6
757,1141,24.0,1
758,1142,4.0,8
759,1144,0.52,6
760,1145,24.0,1
761,1146,0.52,6
762,1147,0.6,17
763,1148,24.0,1
764,1149,0.52,6
765,1151,0.55,25
766,1152,24.0,1
767,1153,24.0,1
768,1154,0.54,25
769,1155,0.58,17
770,1156,0.51,6
771,1157,0.51,6
772,1159,24.0,1
773,1161,24.0,1
774,1162,24.0,1
775,1164,24.0,1
776,1165,24.0,1
777,1167,0.57,25
778,1168,24.0,1
779,1170,24.0,1
780,1172,4.0,8
781,1174,1.14,14
782,1175,24.0,1
783,1176,1.0,0
784,1179,24.0,1
785,1180,24.0,1
786,1183,1.2,14
787,1184,0.5,6
788,1186,24.0,1
789,1187,12.0,2
790,1188,0.52,6
791,1189,0.51,6
792,1190,0.5,6
793,1191,24.0,1
794,1192,24.0,1
795,1193,0.75,13
796,1194,1.0,0
797,1195,1.0,0
798,1197,0.69,22
799,1199,1.0,0
800,1200,1.41,10
801,1203,24.0,1
802,1204,12.0,2
803,1206,24.0,1
804,1208,3.43,15
805,1209,8.0,7
806,1210,0.51,6
807,1211,0.96,0
808,1212,24.0,1
809,1213,24.0,1
810,1214,0.54,25
811,1215,12.0,2
812,1216,24.0,1
813,1217,24.0,1
814,1219,0.5,6
815,1221,1.39,10
816,1222,24.0,1
817,1223,0.53,6
818,1224,0.55,25
819,1226,0.51,6
820,1228,24.0,1
821,1229,0.59,17
822,1231,0.83,21
823,1232,24.0,1
824,1233,0.5,6
825,1234,0.55,25
826,1235,0.56,25
827,1237,24.0,1
828,1238,0.52,6
829,1239,2.67,16
830,1240,12.0,2
831,1241,24.0,1
832,1243,24.0,1
833,1244,0.55,25
834,1245,1.0,0
835,1246,0.71,13
836,1249,1.0,0
837,1250,24.0,1
838,1251,0.5,6
839,1252,0.51,6
840,1253,0.52,6
841,1254,12.0,2
842,1256,24.0,1
843,1257,24.0,1
844,1259,0.96,0
845,1262,1.0,0
846,1263,0.53,6
847,1264,2.67,16
848,1265,3.93,8
849,1266,1.26,19
850,1268,24.0,1
851,1269,0.52,6
852,1270,0.55,25
853,1274,0.5,6
854,1275,24.0,1
855,1276,0.91,21
856,1277,24.0,1
857,1278,24.0,1
858,1280,24.0,1
859,1281,24.0,1
860,1284,1.0,0
861,1287,24.0,1
862,1288,0.51,6
863,1289,24.0,1
864,1290,0.65,22
865,1291,0.57,25
866,1292,24.0,1
867,1293,23.94,1
868,1294,2.4,5
869,1295,0.51,6
870,1297,2.4,5
871,1298,24.0,1
872,1299,24.0,1
873,1300,12.0,2
874,1305,0.53,6
875,1306,24.0,1
876,1307,0.59,17
877,1309,24.0,1
878,1313,0.5,6
879,1318,1.0,0
880,1319,0.8,13
881,1320,24.0,1
882,1321,24.0,1
883,1322,0.5,6
884,1323,0.51,6
885,1324,1.0,0
886,1325,1.09,0
887,1326,24.0,1
888,1327,6.0,4
889,1329,0.51,6
890,1330,24.0,1
891,1332,0.53,6
892,1333,12.0,2
893,1336,0.61,17
894,1337,0.83,21
895,1338,0.83,21
896,1340,3.0,11
897,1342,0.52,6
898,1343,24.0,1
899,1344,1.6,18
900,1345,0.55,25
901,1346,24.0,1
902,1347,0.67,22
903,1348,2.0,9
904,1349,0.51,6
905,1350,24.0,1
906,1351,24.0,1
907,1352,24.0,1
908,1353,24.0,1
909,1354,24.0,1
910,1356,24.0,1
911,1358,24.0,1
912,1359,0.63,22
913,1360,8.0,7
914,1361,1.2,14
915,1362,0.5,6
916,1363,24.0,1
917,1364,24.0,1
918,1368,2.0,9
919,1369,0.51,6
920,1370,0.96,0
921,1374,0.5,6
922,1375,0.86,21
923,1376,24.0,1
924,1378,4.8,12
925,1379,24.0,1
926,1380,1.0,0
927,1381,6.0,4
928,1382,24.0,1
929,1383,0.55,25
930,1388,0.5,6
931,1389,24.0,1
932,1390,24.0,1
933,1391,24.0,1
934,1392,0.51,6
935,1393,0.63,22
936,1395,1.5,10
937,1398,24.0,1
938,1399,0.67,22
939,1403,0.5,6
940,1405,24.0,1
941,1407,12.0,2
942,1411,24.0,1
943,1412,0.51,6
944,1413,24.0,1
945,1414,24.0,1
946,1415,1.26,19
947,1418,0.51,6
948,1420,3.43,15
949,1421,24.0,1
950,1422,24.0,1
951,1423,24.0,1
952,1424,24.0,1
953,1425,24.0,1
954,1427,24.0,1
955,1428,24.0,1
956,1430,24.0,1
957,1431,24.0,1
958,1432,24.0,1
959,1433,6.0,4
960,1434,8.0,7
961,1436,1.85,24
962,1439,0.99,0
963,1440,1.26,19
964,1441,1.57,18
965,1443,1.0,0
966,1444,24.0,1
967,1445,24.0,1
968,1446,1.9,24
969,1447,24.0,1
970,1448,1.0,0
971,1449,24.0,1
972,1450,1.85,24
973,1451,8.0,7
974,1452,24.0,1
975,1453,24.0,1
976,1454,24.0,1
977,1456,0.88,21
978,1458,0.5,6
979,1460,12.0,2
980,1463,0.58,17
981,1465,0.71,13
982,1467,24.0,1
983,1470,24.0,1
984,1472,1.2,14
985,1474,0.5,6
986,1476,24.0,1
987,1477,12.0,2
988,1478,24.0,1
989,1482,2.18,20
990,1485,24.0,1
991,1488,0.53,6
992,1492,0.5,6
993,1493,0.5,6
994,1494,0.63,22
995,1495,24.0,1
996,1496,24.0,1
997,1497,24.0,1
998,1498,24.0,1
999,1500,7.99,7
1000,1501,24.0,1
1001,1503,1.6,18
1002,1505,0.57,25
1003,1507,24.0,1
1004,1508,24.0,1
1005,1510,12.0,2
1006,1512,0.57,25
1007,1514,24.0,1
1008,1517,0.54,25
1009,1521,1.33,19
1010,1522,1.5,10
1011,1523,0.51,6
1012,1524,2.4,5
1013,1526,1.2,14
1014,1527,4.0,8
1015,1528,24.0,1
1016,1529,0.5,6
1017,1530,1.09,0
1018,1531,24.0,1
1019,1532,24.0,1
1020,1533,24.0,1
1021,1534,24.0,1
1022,1535,12.0,2
1023,1536,0.52,6
1024,1537,24.0,1
1025,1538,0.55,25
1026,1539,0.5,6
1027,1541,0.5,6
1028,1546,6.0,4
1029,1548,2.0,9
1030,1550,24.0,1
1031,1551,24.0,1
1032,1553,0.52,6
1033,1554,1.2,14
1034,1555,0.51,6
1035,1557,0.5,6
1036,1558,0.55,25
1037,1560,0.56,25
1038,1561,24.0,1
1039,1562,24.0,1
1040,1564,12.0,2
1041,1566,24.0,1
1042,1568,0.67,22
1043,1570,24.0,1
1044,1571,24.0,1
1045,1572,24.0,1
1046,1573,24.0,1
1047,1574,24.0,1
1048,1578,1.6,18
1049,1579,0.62,17
1050,1580,24.0,1
1051,1581,1.5,10
1052,1583,0.52,6
1053,1584,3.43,15
1054,1586,24.0,1
1055,1587,24.0,1
1056,1588,24.0,1
1057,1589,24.0,1
1058,1590,24.0,1
1059,1592,24.0,1
1060,1593,24.0,1
1061,1595,0.5,6
1062,1596,24.0,1
1063,1597,24.0,1
1064,1598,0.52,6
1065,1599,0.5,6
1066,1600,0.52,6
1067,1602,24.0,1
1068,1603,24.0,1
1069,1607,24.0,1
1070,1609,24.0,1
1071,1610,24.0,1
1072,1611,24.0,1
1073,1612,24.0,1
1074,1613,24.0,1
1075,1615,24.0,1
1076,1618,24.0,1
1077,1621,6.0,4
1078,1623,24.0,1
1079,1625,24.0,1
1080,1626,0.51,6
1081,1627,24.0,1
1082,1630,24.0,1
1083,1631,0.62,17
1084,1632,0.54,25
1085,1633,0.63,22
1086,1634,24.0,1
1087,1635,1.26,19
1088,1636,24.0,1
1089,1638,3.48,15
1090,1641,24.0,1
1091,1642,0.53,6
1092,1643,24.0,1
1093,1644,0.5,6
1094,1645,0.5,6
1095,1646,24.0,1
1096,1647,24.0,1
1097,1648,24.0,1
1098,1650,0.53,6
1099,1651,24.0,1
1100,1654,0.56,25
1101,1655,24.0,1
1102,1656,24.0,1
1103,1658,12.0,2
1104,1659,24.0,1
1105,1662,1.0,0
1106,1663,0.51,6
1107,1665,24.0,1
1108,1668,0.51,6
1109,1669,0.53,6
1110,1673,1.14,14
1111,1674,0.52,6
1112,1676,0.55,25
1113,1677,24.0,1
1114,1679,24.0,1
1115,1681,8.0,7
1116,1682,1.33,19
1117,1683,24.0,1
1118,1684,12.0,2
1119,1685,24.0,1
1120,1686,1.16,14
1121,1688,0.5,6
1122,1690,0.5,6
1123,1691,0.5,6
1124,1692,0.67,22
1125,1693,0.57,25
1126,1694,24.0,1
1127,1696,0.8,13
1128,1697,0.51,6
1129,1698,24.0,1
1130,1701,24.0,1
1131,1702,24.0,1
1132,1704,24.0,1
1133,1705,0.53,6
1134,1706,24.0,1
1135,1707,24.0,1
1136,1708,0.56,25
1137,1710,0.8,13
1138,1711,24.0,1
1139,1713,24.0,1
1140,1714,2.53,5
1141,1716,0.5,6
1142,1717,0.61,17
1143,1718,24.0,1
1144,1719,0.83,21
1145,1720,24.0,1
1146,1721,0.5,6
1147,1723,0.64,22
1148,1724,0.51,6
1149,1727,0.51,6
1150,1728,0.51,6
1151,1730,0.5,6
1152,1731,24.0,1
1153,1732,0.57,25
1154,1733,1.0,0
1155,1736,3.0,11
1156,1737,0.52,6
1157,1738,24.0,1
1158,1742,0.55,25
1159,1746,24.0,1
1160,1747,0.56,25
1161,1748,24.0,1
1162,1750,24.0,1
1163,1751,24.0,1
1164,1752,24.0,1
1165,1753,24.0,1
1166,1754,24.0,1
1167,1755,2.0,9
1168,1757,24.0,1
1169,1758,24.0,1
1170,1760,24.0,1
1171,1761,24.0,1
1172,1762,3.0,11
1173,1763,0.5,6
1174,1764,1.0,0
1175,1765,24.0,1
1176,1766,0.54,25
1177,1767,0.5,6
1178,1768,24.0,1
1179,1769,24.0,1
1180,1770,24.0,1
1181,1771,24.0,1
1182,1773,24.0,1
1183,1776,24.0,1
1184,1777,0.55,25
1185,1780,24.0,1
1186,1781,0.5,6
1187,1782,2.0,9
1188,1788,24.0,1
1189,1789,12.0,2
1190,1790,24.0,1
1191,1794,24.0,1
1192,1796,24.0,1
1193,1797,24.0,1
1194,1799,24.0,1
1195,1800,12.0,2
1196,1801,24.0,1
1197,1804,0.6,17
1198,1805,0.51,6
1199,1806,0.56,25
1200,1807,1.0,0
1201,1810,0.5,6
1202,1811,6.0,4
1203,1812,0.53,6
1204,1813,24.0,1
1205,1815,6.0,4
1206,1817,1.0,0
1207,1818,24.0,1
1208,1820,0.5,6
1209,1821,6.0,4
1210,1822,1.0,0
1211,1823,24.0,1
1212,1824,24.0,1
1213,1826,0.86,21
1214,1827,6.0,4
1215,1828,0.51,6
1216,1829,4.8,12
1217,1830,24.0,1
1218,1831,24.0,1
1219,1833,24.0,1
1220,1834,0.81,13
1221,1835,24.0,1
1222,1836,0.8,13
1223,1838,24.0,1
1224,1840,0.57,25
1225,1841,1.0,0
1226,1842,24.0,1
1227,1845,8.0,7
1228,1846,24.0,1
1229,1847,2.4,5
1230,1848,24.0,1
1231,1849,11.98,2
1232,1850,0.51,6
1233,1851,24.0,1
1234,1852,24.0,1
1235,1853,0.5,6
1236,1854,0.55,25
1237,1857,0.56,25
1238,1858,0.56,25
1239,1859,0.5,6
1240,1860,0.58,17
1241,1862,0.53,6
1242,1863,0.51,6
1243,1864,0.52,6
1244,1865,24.0,1
1245,1867,8.0,7
1246,1869,24.0,1
1247,1875,12.0,2
1248,1876,0.55,25
1249,1877,0.62,17
1250,1878,24.0,1
1251,1880,24.0,1
1252,1881,24.0,1
1253,1882,24.0,1
1254,1884,24.0,1
1255,1885,1.18,14
1256,1886,24.0,1
1257,1887,24.0,1
1258,1888,1.5,10
1259,1890,24.0,1
1260,1891,0.5,6
1261,1892,0.59,17
1262,1894,12.0,2
1263,1895,0.53,6
1264,1897,24.0,1
1265,1898,0.51,6
1266,1900,12.0,2
1267,1902,24.0,1
1268,1903,0.53,6
1269,1905,24.0,1
1270,1906,0.67,22
1271,1908,0.57,25
1272,1910,8.0,7
1273,1911,0.64,22
1274,1912,12.0,2
1275,1918,0.52,6
1276,1919,0.55,25
1277,1920,24.0,1
1278,1923,0.5,6
1279,1924,24.0,1
1280,1925,0.59,17
1281,1927,24.0,1
1282,1928,1.0,0
1283,1929,12.0,2
1284,1930,12.0,2
1285,1933,0.55,25
1286,1934,8.0,7
1287,1935,1.5,10
1288,1936,0.65,22
1289,1941,0.52,6
1290,1942,0.76,13
1291,1943,4.8,12
1292,1945,0.62,17
1293,1946,24.0,1
1294,1948,0.51,6
1295,1949,24.0,1
1296,1951,6.0,4
1297,1952,1.71,18
1298,1953,24.0,1
1299,1954,1.02,0
1300,1955,24.0,1
1301,1956,1.41,10
1302,1957,24.0,1
1303,1959,0.5,6
1304,1960,24.0,1
1305,1961,0.83,21
1306,1962,24.0,1
1307,1964,24.0,1
1308,1967,0.52,6
1309,1968,0.5,6
1310,1969,12.0,2
1311,1970,1.04,0
1312,1971,24.0,1
1313,1973,0.59,17
1314,1974,24.0,1
1315,1977,24.0,1
1316,1982,24.0,1
1317,1985,24.0,1
1318,1987,2.0,9
1319,1988,24.0,1
1320,1989,0.5,6
1321,1990,1.8,24
1322,1991,24.0,1
1323,1992,24.0,1
1324,1995,0.67,22
1325,1996,24.0,1
1326,1997,0.86,21
1327,1999,12.0,2
1328,2000,24.0,1
1329,2001,0.83,21
1330,2002,0.53,6
1331,2003,24.0,1
1332,2004,0.5,6
1333,2005,24.0,1
1334,2006,24.0,1
1335,2007,0.51,6
1336,2008,8.0,7
1337,2009,0.59,17
1338,2011,0.63,22
1339,2012,0.52,6
1340,2013,24.0,1
1341,2014,0.96,0
1342,2016,2.0,9
1343,2017,24.0,1
1344,2018,1.0,0
1345,2020,24.0,1
1346,2023,0.54,25
1347,2025,24.0,1
1348,2026,0.56,25
1349,2029,24.0,1
1350,2031,1.0,0
1351,2032,24.0,1
1352,2035,24.0,1
1353,2039,24.0,1
1354,2040,0.5,6
1355,2044,12.0,2
1356,2047,24.0,1
1357,2048,24.0,1
1358,2049,0.69,22
1359,2050,0.89,21
1360,2051,0.59,17
1361,2056,0.66,22
1362,2057,0.52,6
1363,2058,24.0,1
1364,2059,0.6,17
1365,2060,24.0,1
1366,2061,0.55,25
1367,2062,24.0,1
1368,2063,1.0,0
1369,2064,0.75,13
1370,2065,0.52,6
1371,2066,0.55,25
1372,2068,24.0,1
1373,2069,24.0,1
1374,2070,1.0,0
1375,2071,0.51,6
1376,2072,24.0,1
1377,2074,24.0,1
1378,2078,0.5,6
1379,2079,1.0,0
1380,2080,0.56,25
1381,2081,24.0,1
1382,2082,24.0,1
1383,2083,8.0,7
1384,2084,1.0,0
1385,2086,24.0,1
1386,2087,24.0,1
1387,2088,24.0,1
1388,2089,0.63,22
1389,2090,12.0,2
1390,2092,24.0,1
1391,2093,24.0,1
1392,2094,1.11,14
1393,2096,24.0,1
1394,2098,24.0,1
1395,2099,1.0,0
1396,2100,1.65,18
1397,2101,0.56,25
1398,2104,0.62,17
1399,2105,24.0,1
1400,2106,0.57,25
1401,2109,24.0,1
1402,2110,24.0,1
1403,2111,24.0,1
1404,2113,0.5,6
1405,2114,0.62,17
1406,2115,12.0,2
1407,2116,0.51,6
1408,2117,24.0,1
1409,2118,24.0,1
1410,2121,1.0,0
1411,2123,0.51,6
1412,2125,24.0,1
1413,2128,0.57,25
1414,2129,24.0,1
1415,2130,0.5,6
1416,2131,0.55,25
1417,2133,24.0,1
1418,2134,2.0,9
1419,2138,0.5,6
1420,2140,1.5,10
1421,2141,24.0,1
1422,2142,24.0,1
1423,2144,24.0,1
1424,2145,0.54,25
1425,2146,24.0,1
1426,2147,24.0,1
1427,2148,0.5,6
1428,2149,24.0,1
1429,2150,24.0,1
1430,2152,24.0,1
1431,2153,0.59,17
1432,2154,24.0,1
1433,2156,0.65,22
1434,2158,0.5,6
1435,2163,0.5,6
1436,2164,24.0,1
1437,2165,0.56,25
1438,2168,1.2,14
1439,2170,24.0,1
1440,2171,0.5,6
1441,2173,24.0,1
1442,2175,0.5,6
1443,2176,1.85,24
1444,2180,4.0,8
1445,2181,24.0,1
1446,2182,8.0,7
1447,2183,0.56,25
1448,2184,24.0,1
1449,2186,2.4,5
1450,2187,0.5,6
1451,2190,0.98,0
1452,2192,0.55,25
1453,2194,24.0,1
1454,2196,0.5,6
1455,2198,0.51,6
1456,2199,24.0,1
1457,2202,12.0,2
1458,2204,0.59,17
1459,2206,1.71,18
1460,2207,0.6,17
1461,2208,0.52,6
1462,2209,6.0,4
1463,2210,0.52,6
1464,2211,2.4,5
1465,2212,0.5,6
1466,2213,0.91,21
1467,2216,24.0,1
1468,2221,24.0,1
1469,2222,24.0,1
1470,2223,0.53,6
1471,2224,3.0,11
1472,2226,0.89,21
1473,2227,8.0,7
1474,2228,24.0,1
1475,2230,24.0,1
1476,2231,0.96,0
1477,2232,24.0,1
1478,2233,24.0,1
1479,2234,0.51,6
1480,2240,24.0,1
1481,2242,0.5,6
1482,2243,24.0,1
1483,2250,0.53,6
1484,2251,24.0,1
1485,2252,24.0,1
1486,2253,0.55,25
1487,2255,0.5,6
1488,2257,0.64,22
1489,2258,24.0,1
1490,2259,24.0,1
1491,2260,0.82,21
1492,2262,24.0,1
1493,2265,24.0,1
1494,2266,1.5,10
1495,2267,24.0,1
1496,2268,0.6,17
1497,2269,0.5,6
1498,2270,1.6,18
1499,2271,1.6,18
1500,2272,24.0,1
1501,2273,0.7,22
1502,2275,0.83,21
1503,2277,0.53,6
1504,2278,24.0,1
1505,2279,0.5,6
1506,2281,0.59,17
1507,2282,24.0,1
1508,2284,1.2,14
1509,2285,12.0,2
1510,2287,24.0,1
1511,2288,24.0,1
1512,2289,0.52,6
1513,2291,0.56,25
1514,2292,0.52,6
1515,2293,24.0,1
1516,2297,0.65,22
1517,2298,1.41,10
1518,2300,0.54,25
1519,2301,0.5,6
1520,2302,1.14,14
1521,2304,24.0,1
1522,2305,24.0,1
1523,2306,24.0,1
1524,2307,24.0,1
1525,2308,0.67,22
1526,2309,24.0,1
1527,2310,24.0,1
1528,2311,2.67,16
1529,2312,24.0,1
1530,2313,24.0,1
1531,2314,24.0,1
1532,2316,0.57,25
1533,2318,0.67,22
1534,2319,24.0,1
1535,2320,1.52,10
1536,2321,24.0,1
1537,2322,0.62,17
1538,2323,0.5,6
1539,2325,24.0,1
1540,2330,24.0,1
1541,2332,0.75,13
1542,2335,24.0,1
1543,2338,24.0,1
1544,2340,1.5,10
1545,2342,0.5,6
1546,2344,2.4,5
1547,2345,24.0,1
1548,2346,1.0,0
1549,2347,1.33,19
1550,2348,24.0,1
1551,2349,24.0,1
1552,2352,24.0,1
1553,2353,0.98,0
1554,2354,0.53,6
1555,2355,0.78,13
1556,2356,24.0,1
1557,2357,24.0,1
1558,2358,0.5,6
1559,2359,8.0,7
1560,2360,24.0,1
1561,2361,24.0,1
1562,2365,24.0,1
1563,2367,0.57,25
1564,2368,24.0,1
1565,2369,0.5,6
1566,2370,8.0,7
1567,2373,0.5,6
1568,2377,24.0,1
1569,2379,0.6,17
1570,2381,0.65,22
1571,2384,0.53,6
1572,2385,0.56,25
1573,2386,24.0,1
1574,2387,1.44,10
1575,2390,0.55,25
1576,2391,3.0,11
1577,2392,4.8,12
1578,2393,24.0,1
1579,2394,0.5,6
1580,2395,24.0,1
1581,2399,24.0,1
1582,2400,0.58,17
1583,2402,0.71,13
1584,2403,0.56,25
1585,2405,0.52,6
1586,2406,0.5,6
1587,2407,24.0,1
1588,2408,12.0,2
1589,2409,24.0,1
1590,2412,0.56,25
1591,2413,0.88,21
1592,2414,0.59,17
1593,2415,0.55,25
1594,2416,0.75,13
1595,2417,0.53,6
1596,2418,24.0,1
1597,2419,24.0,1
1598,2421,0.75,13
1599,2423,0.55,25
1600,2424,0.83,21
1601,2425,24.0,1
1602,2426,3.43,15
1603,2427,24.0,1
1604,2430,8.0,7
1605,2431,1.41,10
1606,2432,0.52,6
1607,2434,24.0,1
1608,2436,0.52,6
1609,2437,12.0,2
1610,2439,1.2,14
1611,2440,0.51,6
1612,2441,0.51,6
1613,2442,0.53,6
1614,2443,6.0,4
1615,2444,1.71,18
1616,2445,0.52,6
1617,2446,24.0,1
1618,2447,24.0,1
1619,2449,0.59,17
1620,2452,1.5,10
1621,2455,24.0,1
1622,2457,24.0,1
1623,2458,0.51,6
1624,2459,12.0,2
1625,2460,6.0,4
1626,2461,2.4,5
1627,2462,0.5,6
1628,2463,24.0,1
1629,2464,8.0,7
1630,2465,12.0,2
1631,2466,24.0,1
1632,2469,0.5,6
1633,2470,24.0,1
1634,2471,24.0,1
1635,2472,24.0,1
1636,2473,1.6,18
1637,2474,0.55,25
1638,2475,24.0,1
1639,2477,0.5,6
1640,2478,0.51,6
1641,2480,2.0,9
1642,2482,0.53,6
1643,2483,24.0,1
1644,2486,24.0,1
1645,2487,0.67,22
1646,2488,2.67,16
1647,2489,0.55,25
1648,2493,0.51,6
1649,2498,1.0,0
1650,2499,24.0,1
1651,2503,0.74,13
1652,2504,0.57,25
1653,2505,24.0,1
1654,2507,1.26,19
1655,2508,24.0,1
1656,2510,1.0,0
1657,2511,0.77,13
1658,2512,8.0,7
1659,2515,24.0,1
1660,2516,0.54,25
1661,2519,12.0,2
1662,2520,24.0,1
1663,2521,0.96,0
1664,2524,0.57,25
1665,2527,24.0,1
1666,2528,2.4,5
1667,2529,24.0,1
1668,2530,0.51,6
1669,2531,24.0,1
1670,2532,24.0,1
1671,2534,0.53,6
1672,2535,0.79,13
1673,2536,24.0,1
1674,2537,24.0,1
1675,2539,24.0,1
1676,2540,0.99,0
1677,2544,24.0,1
1678,2545,0.52,6
1679,2546,24.0,1
1680,2548,0.61,17
1681,2550,24.0,1
1682,2551,24.0,1
1683,2553,24.0,1
1684,2555,1.26,19
1685,2556,0.57,25
1686,2557,0.51,6
1687,2558,1.0,0
1688,2559,24.0,1
1689,2560,0.5,6
1690,2561,24.0,1
1691,2562,0.92,21
1692,2564,24.0,1
1693,2567,0.52,6
1694,2568,12.0,2
1695,2569,0.52,6
1696,2570,24.0,1
1697,2572,24.0,1
1698,2573,24.0,1
1699,2575,2.0,9
1700,2576,4.48,12
1701,2577,0.51,6
1702,2579,0.57,25
1703,2583,0.5,6
1704,2584,0.59,17
1705,2585,24.0,1
1706,2586,24.0,1
1707,2587,24.0,1
1708,2590,24.0,1
1709,2592,24.0,1
1710,2594,0.59,17
1711,2598,0.65,22
1712,2599,0.54,25
1713,2600,0.5,6
1714,2601,1.09,0
1715,2606,24.0,1
1716,2608,24.0,1
1717,2610,0.5,6
1718,2611,0.5,6
1719,2612,0.59,17
1720,2613,24.0,1
1721,2615,24.0,1
1722,2616,24.0,1
1723,2617,0.63,22
1724,2619,24.0,1
1725,2620,0.5,6
1726,2622,0.6,17
1727,2623,1.71,18
1728,2624,24.0,1
1729,2625,1.2,14
1730,2626,24.0,1
1731,2628,0.5,6
1732,2630,0.55,25
1733,2631,24.0,1
1734,2634,0.72,13
1735,2636,24.0,1
1736,2638,0.86,21
1737,2640,24.0,1
1738,2643,0.5,6
1739,2644,0.58,17
1740,2645,0.52,6
1741,2647,2.67,16
1742,2649,0.5,6
1743,2650,24.0,1
1744,2651,0.51,6
1745,2655,0.55,25
1746,2656,24.0,1
1747,2657,0.54,25
1748,2658,0.62,17
1749,2659,0.57,25
1750,2661,24.0,1
1751,2662,12.0,2
1752,2664,0.5,6
1753,2665,24.0,1
1754,2666,24.0,1
1755,2667,12.0,2
1756,2668,12.0,2
1757,2671,12.0,2
1758,2672,0.52,6
1759,2673,0.52,6
1760,2674,24.0,1
1761,2676,24.0,1
1762,2677,0.54,25
1763,2678,0.52,6
1764,2679,0.55,25
1765,2681,24.0,1
1766,2682,0.54,25
1767,2685,24.0,1
1768,2687,1.04,0
1769,2688,24.0,1
1770,2689,24.0,1
1771,2692,24.0,1
1772,2693,0.65,22
1773,2694,0.5,6
1774,2696,24.0,1
1775,2697,24.0,1
1776,2698,0.5,6
1777,2700,0.59,17
1778,2701,24.0,1
1779,2702,4.8,12
1780,2703,1.0,0
1781,2704,0.6,17
1782,2707,0.5,6
1783,2708,0.53,6
1784,2709,24.0,1
1785,2710,2.0,9
1786,2711,12.0,2
1787,2713,24.0,1
1788,2716,0.54,25
1789,2717,24.0,1
1790,2718,6.0,4
1791,2719,1.0,0
1792,2720,0.51,6
1793,2721,24.0,1
1794,2722,2.0,9
1795,2724,24.0,1
1796,2726,0.55,25
1797,2727,1.5,10
1798,2728,24.0,1
1799,2729,1.5,10
1800,2730,2.03,9
1801,2731,0.52,6
1802,2732,24.0,1
1803,2733,2.67,16
1804,2735,24.0,1
1805,2736,2.4,5
1806,2740,24.0,1
1807,2742,0.52,6
1808,2746,1.0,0
1809,2747,0.55,25
1810,2748,24.0,1
1811,2750,0.56,25
1812,2753,0.5,6
1813,2754,24.0,1
1814,2756,0.51,6
1815,2761,0.5,6
1816,2762,0.84,21
1817,2763,0.56,25
1818,2764,24.0,1
1819,2766,12.0,2
1820,2768,1.02,0
1821,2773,12.0,2
1822,2774,24.0,1
1823,2775,24.0,1
1824,2777,24.0,1
1825,2778,0.57,25
1826,2779,0.51,6
1827,2780,2.67,16
1828,2781,0.51,6
1829,2782,24.0,1
1830,2783,0.55,25
1831,2784,24.0,1
1832,2786,24.0,1
1833,2787,0.5,6
1834,2788,6.0,4
1835,2789,0.5,6
1836,2790,0.51,6
1837,2791,0.87,21
1838,2792,24.0,1
1839,2793,0.52,6
1840,2794,0.51,6
1841,2795,24.0,1
1842,2796,24.0,1
1843,2797,6.0,4
1844,2799,0.55,25
1845,2802,1.26,19
1846,2804,1.85,24
1847,2805,24.0,1
1848,2806,24.0,1
1849,2807,24.0,1
1850,2809,24.0,1
1851,2810,0.51,6
1852,2811,24.0,1
1853,2812,1.99,9
1854,2814,1.28,19
1855,2817,0.54,25
1856,2821,4.0,8
1857,2822,24.0,1
1858,2824,0.54,25
1859,2826,24.0,1
1860,2831,0.51,6
1861,2832,24.0,1
1862,2834,24.0,1
1863,2835,0.59,17
1864,2836,0.56,25
1865,2838,0.55,25
1866,2839,24.0,1
1867,2840,0.51,6
1868,2841,24.0,1
1869,2842,24.0,1
1870,2843,0.67,22
1871,2844,0.5,6
1872,2846,0.63,22
1873,2847,0.8,13
1874,2848,8.0,7
1875,2850,0.67,22
1876,2851,0.59,17
1877,2852,0.92,21
1878,2853,6.0,4
1879,2854,0.6,17
1880,2855,7.99,7
1881,2856,24.0,1
1882,2858,24.0,1
1883,2860,6.0,4
1884,2862,1.6,18
1885,2864,12.0,2
1886,2866,1.09,0
1887,2867,1.0,0
1888,2869,0.5,6
1889,2870,24.0,1
1890,2871,24.0,1
1891,2876,0.5,6
1892,2877,24.0,1
1893,2878,24.0,1
1894,2879,12.0,2
1895,2880,0.5,6
1896,2881,0.89,21
1897,2885,24.0,1
1898,2886,1.71,18
1899,2887,6.0,4
1900,2890,24.0,1
1901,2891,24.0,1
1902,2892,24.0,1
1903,2896,12.0,2
1904,2897,24.0,1
1905,2898,0.51,6
1906,2901,24.0,1
1907,2902,24.0,1
1908,2903,0.65,22
1909,2904,0.52,6
1910,2905,0.62,17
1911,2906,8.0,7
1912,2907,24.0,1
1913,2908,0.52,6
1914,2909,24.0,1
1915,2910,24.0,1
1916,2911,24.0,1
1917,2912,0.52,6
1918,2914,0.51,6
1919,2915,24.0,1
1920,2916,0.53,6
1921,2917,0.5,6
1922,2918,24.0,1
1923,2920,0.52,6
1924,2921,24.0,1
1925,2922,0.51,6
1926,2923,24.0,1
1927,2928,24.0,1
1928,2930,0.55,25
1929,2934,24.0,1
1930,2936,24.0,1
1931,2937,0.86,21
1932,2938,1.52,10
1933,2940,0.5,6
1934,2941,24.0,1
1935,2943,24.0,1
1936,2945,0.5,6
1937,2946,24.0,1
1938,2948,24.0,1
1939,2950,24.0,1
1940,2951,24.0,1
1941,2953,2.4,5
1942,2955,0.57,25
1943,2958,24.0,1
1944,2959,24.0,1
1945,2960,0.52,6
1946,2962,0.6,17
1947,2963,24.0,1
1948,2964,0.55,25
1949,2965,0.52,6
1950,2966,24.0,1
1951,2967,1.5,10
1952,2968,0.76,13
1953,2969,0.57,25
1954,2973,0.5,6
1955,2974,2.67,16
1956,2977,24.0,1
1957,2978,24.0,1
1958,2980,84.11,3
1959,2981,0.6,17
1960,2982,3.0,11
1961,2983,8.0,7
1962,2984,2.18,20
1963,2985,24.0,1
1964,2987,24.0,1
1965,2988,2.0,9
1966,2991,0.5,6
1967,2993,0.61,17
1968,2995,24.0,1
1969,2998,0.5,6
1970,3000,0.51,6
1971,3007,12.0,2
1972,3010,2.67,16
1973,3012,24.0,1
1974,3013,1.13,14
1975,3014,24.0,1
1976,3015,24.0,1
1977,3016,0.92,21
1978,3018,24.0,1
1979,3019,0.5,6
1980,3020,3.0,11
1981,3021,24.0,1
1982,3025,0.86,21
1983,3026,24.0,1
1984,3029,1.0,0
1985,3031,0.53,6
1986,3032,24.0,1
1987,3033,2.0,9
1988,3035,24.0,1
1989,3036,24.0,1
1990,3039,0.65,22
1991,3041,0.53,6
1992,3042,0.99,0
1993,3044,0.53,6
1994,3046,0.75,13
1995,3047,1.41,10
1996,3048,1.04,0
1997,3049,8.0,7
1998,3054,24.0,1
1999,3055,24.0,1
2000,3057,24.0,1
2001,3058,2.67,16
2002,3059,24.0,1
2003,3060,24.0,1
2004,3062,0.51,6
2005,3063,2.4,5
2006,3064,24.0,1
2007,3065,0.53,6
2008,3069,24.0,1
2009,3070,1.0,0
2010,3074,24.0,1
2011,3075,0.51,6
2012,3076,24.0,1
2013,3077,0.55,25
2014,3078,24.0,1
2015,3080,12.0,2
2016,3082,1.5,10
2017,3084,24.0,1
2018,3086,0.59,17
2019,3088,24.0,1
2020,3090,24.0,1
2021,3092,24.0,1
2022,3093,0.5,6
2023,3094,0.75,13
2024,3096,0.51,6
2025,3098,0.55,25
2026,3100,24.0,1
2027,3101,24.0,1
2028,3102,0.52,6
2029,3103,24.0,1
2030,3105,0.53,6
2031,3106,0.5,6
2032,3108,0.58,17
2033,3109,0.75,13
2034,3110,24.0,1
2035,3111,12.0,2
2036,3112,0.51,6
2037,3114,1.71,18
2038,3116,24.0,1
2039,3117,24.0,1
2040,3118,24.0,1
2041,3120,24.0,1
2042,3121,3.0,11
2043,3123,0.55,25
2044,3125,24.0,1
2045,3126,0.5,6
2046,3127,0.83,21
2047,3128,1.0,0
2048,3130,2.01,9
2049,3133,0.56,25
2050,3135,24.0,1
2051,3140,24.0,1
2052,3141,24.0,1
2053,3143,0.5,6
2054,3144,24.0,1
2055,3145,1.0,0
2056,3146,24.0,1
2057,3147,24.0,1
2058,3148,24.0,1
2059,3149,1.09,0
2060,3150,24.0,1
2061,3152,0.5,6
2062,3153,3.43,15
2063,3154,0.53,6
2064,3156,0.51,6
2065,3157,0.51,6
2066,3158,0.52,6
2067,3159,0.52,6
2068,3164,4.8,12
2069,3165,6.0,4
2070,3166,8.0,7
2071,3169,1.01,0
2072,3171,0.52,6
2073,3172,24.0,1
2074,3173,2.4,5
2075,3175,0.5,6
2076,3176,24.0,1
2077,3177,24.0,1
2078,3178,0.53,6
2079,3179,0.53,6
2080,3180,0.5,6
2081,3182,0.52,6
2082,3183,0.5,6
2083,3185,0.5,6
2084,3186,24.0,1
2085,3188,0.52,6
2086,3189,0.51,6
2087,3191,24.0,1
2088,3192,0.6,17
2089,3194,0.5,6
2090,3195,1.04,0
2091,3196,4.0,8
2092,3197,0.55,25
2093,3200,0.5,6
2094,3202,0.55,25
2095,3205,0.51,6
2096,3207,24.0,1
2097,3209,24.0,1
2098,3211,24.0,1
2099,3213,0.5,6
2100,3214,0.58,17
2101,3215,24.0,1
2102,3216,1.0,0
2103,3217,0.63,22
2104,3218,3.43,15
2105,3220,0.5,6
2106,3222,0.51,6
2107,3224,0.78,13
2108,3225,0.5,6
2109,3226,24.0,1
2110,3228,0.86,21
2111,3230,2.0,9
2112,3234,12.0,2
2113,3235,24.0,1
2114,3236,24.0,1
2115,3237,12.0,2
2116,3238,0.5,6
2117,3239,1.6,18
2118,3240,3.0,11
2119,3241,24.0,1
2120,3247,24.0,1
2121,3248,1.0,0
2122,3249,24.0,1
2123,3252,24.0,1
2124,3253,24.0,1
2125,3254,0.51,6
2126,3255,24.0,1
2127,3256,24.0,1
2128,3257,0.8,13
2129,3258,24.0,1
2130,3259,24.0,1
2131,3261,0.55,25
2132,3262,0.61,17
2133,3263,24.0,1
2134,3264,24.0,1
2135,3269,24.0,1
2136,3271,0.57,25
2137,3274,0.56,25
2138,3275,24.0,1
2139,3276,2.18,20
2140,3278,0.6,17
2141,3279,1.5,10
2142,3280,0.52,6
2143,3282,24.0,1
2144,3283,1.0,0
2145,3284,0.6,17
2146,3287,0.5,6
2147,3288,0.5,6
2148,3290,24.0,1
2149,3291,24.0,1
2150,3292,0.52,6
2151,3293,1.85,24
2152,3296,1.0,0
2153,3297,0.56,25
2154,3299,24.0,1
2155,3301,0.56,25
2156,3302,0.56,25
2157,3303,0.74,13
2158,3304,24.0,1
2159,3306,8.0,7
2160,3307,0.54,25
2161,3311,1.09,0
2162,3313,24.0,1
2163,3318,0.57,25
2164,3319,0.53,6
2165,3320,24.0,1
2166,3321,0.88,21
2167,3322,1.5,10
2168,3323,0.68,22
2169,3324,0.86,21
2170,3325,0.5,6
2171,3326,1.0,0
2172,3328,24.0,1
2173,3329,0.51,6
2174,3330,0.57,25
2175,3331,1.33,19
2176,3333,4.0,8
2177,3334,0.52,6
2178,3335,0.5,6
2179,3339,0.56,25
2180,3340,0.52,6
2181,3341,0.56,25
2182,3343,12.0,2
2183,3344,0.5,6
2184,3347,0.5,6
2185,3348,12.0,2
2186,3349,24.0,1
2187,3353,0.57,25
2188,3354,3.0,11
2189,3356,0.53,6
2190,3358,24.0,1
2191,3359,24.0,1
2192,3360,0.8,13
2193,3364,24.0,1
2194,3365,24.0,1
2195,3367,0.5,6
2196,3368,0.52,6
2197,3369,0.77,13
2198,3370,1.5,10
2199,3371,24.0,1
2200,3372,24.0,1
2201,3374,0.73,13
2202,3376,1.52,10
2203,3377,6.0,4
2204,3378,0.5,6
2205,3379,0.8,13
2206,3380,0.5,6
2207,3381,8.0,7
2208,3382,24.0,1
2209,3383,0.55,25
2210,3387,0.52,6
2211,3388,0.8,13
2212,3389,24.0,1
2213,3391,24.0,1
2214,3393,0.56,25
2215,3395,24.0,1
2216,3400,24.0,1
2217,3401,0.63,22
2218,3402,0.5,6
2219,3404,0.57,25
2220,3405,1.33,19
2221,3406,0.54,25
2222,3407,24.0,1
2223,3408,1.0,0
2224,3409,24.0,1
2225,3410,0.61,17
2226,3412,0.5,6
2227,3413,0.5,6
2228,3414,1.2,14
2229,3416,0.52,6
2230,3418,0.53,6
2231,3419,24.0,1
2232,3420,24.0,1
2233,3422,0.57,25
2234,3423,0.55,25
2235,3424,0.62,17
2236,3425,0.75,13
2237,3426,1.0,0
2238,3428,1.5,10
2239,3429,24.0,1
2240,3431,1.63,18
2241,3433,0.51,6
2242,3434,24.0,1
2243,3435,24.0,1
2244,3436,0.53,6
2245,3437,24.0,1
2246,3438,1.0,0
2247,3440,1.5,10
2248,3441,24.0,1
2249,3442,24.0,1
2250,3443,0.52,6
2251,3444,0.52,6
2252,3446,0.7,22
2253,3447,24.0,1
2254,3449,0.54,25
2255,3450,6.0,4
2256,3452,24.0,1
2257,3453,0.55,25
2258,3454,24.0,1
2259,3455,0.57,25
2260,3457,1.33,19
2261,3458,0.58,17
2262,3459,0.96,0
2263,3460,24.0,1
2264,3462,0.59,17
2265,3463,12.0,2
2266,3465,0.55,25
2267,3467,0.5,6
2268,3468,12.0,2
2269,3469,0.5,6
2270,3470,0.5,6
2271,3471,0.51,6
2272,3473,1.0,0
2273,3474,24.0,1
2274,3475,24.0,1
2275,3477,2.18,20
2276,3478,24.0,1
2277,3479,24.0,1
2278,3480,2.18,20
2279,3482,24.0,1
2280,3484,12.0,2
2281,3485,0.65,22
2282,3488,24.0,1
2283,3489,1.2,14
2284,3490,1.51,10
2285,3491,24.0,1
2286,3493,24.0,1
2287,3494,0.5,6
2288,3497,24.0,1
2289,3498,0.65,22
2290,3500,24.0,1
2291,3501,0.53,6
2292,3502,0.5,6
2293,3507,0.59,17
2294,3509,24.0,1
2295,3510,0.51,6
2296,3512,3.0,11
2297,3513,0.52,6
2298,3516,24.0,1
2299,3517,0.54,25
2300,3518,24.0,1
2301,3520,0.53,6
2302,3521,24.0,1
2303,3522,24.0,1
2304,3523,24.0,1
2305,3524,24.0,1
2306,3526,12.0,2
2307,3527,0.51,6
2308,3529,24.0,1
2309,3530,0.55,25
2310,3531,24.0,1
2311,3532,0.5,6
2312,3533,24.0,1
2313,3534,0.51,6
2314,3538,0.55,25
2315,3539,1.0,0
2316,3540,0.75,13
2317,3541,24.0,1
2318,3542,0.52,6
2319,3544,1.6,18
2320,3545,0.71,13
2321,3546,0.54,25
2322,3547,24.0,1
2323,3548,12.0,2
2324,3549,0.5,6
2325,3550,0.56,25
2326,3551,1.2,14
2327,3552,0.56,25
2328,3553,24.0,1
2329,3555,0.78,13
2330,3556,1.5,10
2331,3557,0.5,6
2332,3558,24.0,1
2333,3559,0.51,6
2334,3560,1.85,24
2335,3563,0.59,17
2336,3564,24.0,1
2337,3565,0.67,22
2338,3566,0.58,17
2339,3567,0.52,6
2340,3568,12.0,2
2341,3569,0.85,21
2342,3573,0.56,25
2343,3575,1.09,0
2344,3576,24.0,1
2345,3583,24.0,1
2346,3584,24.0,1
2347,3585,24.0,1
2348,3586,24.0,1
2349,3589,1.0,0
2350,3590,24.0,1
2351,3591,24.0,1
2352,3592,24.0,1
2353,3593,0.53,6
2354,3594,8.0,7
2355,3597,1.41,10
2356,3598,24.0,1
2357,3601,24.0,1
2358,3603,0.53,6
2359,3604,0.58,17
2360,3605,24.0,1
2361,3606,24.0,1
2362,3607,12.0,2
2363,3608,0.51,6
2364,3609,24.0,1
2365,3611,0.75,13
2366,3612,12.0,2
2367,3614,12.0,2
2368,3615,24.0,1
2369,3616,24.0,1
2370,3617,1.0,0
2371,3618,0.51,6
2372,3620,24.0,1
2373,3621,24.0,1
2374,3625,0.6,17
2375,3626,24.0,1
2376,3628,0.59,17
2377,3629,24.0,1
2378,3630,1.04,0
2379,3631,0.55,25
2380,3632,0.51,6
2381,3633,24.0,1
2382,3634,0.69,22
2383,3635,0.55,25
2384,3638,1.85,24
2385,3639,24.0,1
2386,3640,24.0,1
2387,3641,6.0,4
2388,3642,24.0,1
2389,3643,2.4,5
2390,3644,24.0,1
2391,3646,0.51,6
2392,3647,0.86,21
2393,3648,0.5,6
2394,3649,0.5,6
2395,3650,0.57,25
2396,3652,24.0,1
2397,3653,1.5,10
2398,3654,24.0,1
2399,3655,1.5,10
2400,3658,1.6,18
2401,3662,24.0,1
2402,3665,24.0,1
2403,3667,1.2,14
2404,3669,24.0,1
2405,3670,24.0,1
2406,3672,0.52,6
2407,3674,0.55,25
2408,3675,0.53,6
2409,3678,0.57,25
2410,3679,0.5,6
2411,3680,1.19,14
2412,3681,12.0,2
2413,3683,1.2,14
2414,3684,1.0,0
2415,3685,24.0,1
2416,3689,0.5,6
2417,3690,0.55,25
2418,3691,24.0,1
2419,3693,24.0,1
2420,3697,24.0,1
2421,3698,0.52,6
2422,3700,0.56,25
2423,3702,24.0,1
2424,3703,24.0,1
2425,3707,0.5,6
2426,3710,24.0,1
2427,3711,24.0,1
2428,3712,0.57,25
2429,3714,0.86,21
2430,3715,24.0,1
2431,3716,8.0,7
2432,3719,2.0,9
2433,3720,1.2,14
2434,3722,24.0,1
2435,3723,24.0,1
2436,3724,0.8,13
2437,3725,1.04,0
2438,3726,0.6,17
2439,3728,12.0,2
2440,3730,24.0,1
2441,3733,0.64,22
2442,3734,0.67,22
2443,3735,0.62,17
2444,3736,24.0,1
2445,3737,0.5,6
2446,3739,0.5,6
2447,3740,0.55,25
2448,3741,0.53,6
2449,3742,24.0,1
2450,3743,24.0,1
2451,3745,24.0,1
2452,3747,0.5,6
2453,3749,24.0,1
2454,3751,0.5,6
2455,3752,24.0,1
2456,3755,24.0,1
2457,3756,24.0,1
2458,3757,24.0,1
2459,3758,0.54,25
2460,3759,0.5,6
2461,3760,24.0,1
2462,3761,0.53,6
2463,3764,0.57,25
2464,3765,0.51,6
2465,3766,0.52,6
2466,3767,24.0,1
2467,3768,24.0,1
2468,3769,24.0,1
2469,3770,24.0,1
2470,3772,6.0,4
2471,3773,0.5,6
2472,3774,0.53,6
2473,3777,0.54,25
2474,3783,2.4,5
2475,3785,0.53,6
2476,3787,0.51,6
2477,3788,24.0,1
2478,3789,1.09,0
2479,3790,24.0,1
2480,3791,24.0,1
2481,3792,0.53,6
2482,3793,24.0,1
2483,3794,24.0,1
2484,3796,24.0,1
2485,3797,0.71,13
2486,3798,1.41,10
2487,3800,0.75,13
2488,3801,0.53,6
2489,3803,0.51,6
2490,3805,24.0,1
2491,3807,24.0,1
2492,3808,0.51,6
2493,3810,0.77,13
2494,3812,0.56,25
2495,3813,0.5,6
2496,3814,12.0,2
2497,3815,24.0,1
2498,3817,24.0,1
2499,3819,24.0,1
2500,3822,24.0,1
2501,3823,24.0,1
2502,3825,2.67,16
2503,3831,0.5,6
2504,3834,0.5,6
2505,3836,24.0,1
2506,3837,24.0,1
2507,3839,0.57,25
2508,3840,0.55,25
2509,3842,24.0,1
2510,3843,2.0,9
2511,3844,24.0,1
2512,3845,0.51,6
2513,3848,0.92,21
2514,3850,24.0,1
2515,3851,24.0,1
2516,3853,24.0,1
2517,3855,24.0,1
2518,3856,0.56,25
2519,3858,24.0,1
2520,3861,24.0,1
2521,3864,0.52,6
2522,3865,24.0,1
2523,3867,24.0,1
2524,3868,0.5,6
2525,3869,24.0,1
2526,3870,1.0,0
2527,3871,1.14,14
2528,3872,0.5,6
2529,3875,0.6,17
2530,3876,0.5,6
2531,3878,0.57,25
2532,3881,24.0,1
2533,3882,0.62,17
2534,3883,1.62,18
2535,3884,1.59,18
2536,3885,24.0,1
2537,3887,0.74,13
2538,3888,0.52,6
2539,3890,0.54,25
2540,3891,0.5,6
2541,3892,24.0,1
2542,3895,0.65,22
2543,3897,0.5,6
2544,3900,24.0,1
2545,3903,24.0,1
2546,3908,24.0,1
2547,3909,0.5,6
2548,3910,4.0,8
2549,3911,0.5,6
2550,3913,0.52,6
2551,3914,1.71,18
2552,3916,0.72,13
2553,3918,24.0,1
2554,3919,24.0,1
2555,3921,4.0,8
2556,3927,2.67,16
2557,3928,0.54,25
2558,3930,0.52,6
2559,3933,2.4,5
2560,3934,24.0,1
2561,3935,0.56,25
2562,3937,24.0,1
2563,3938,0.54,25
2564,3939,24.0,1
2565,3940,8.0,7
2566,3941,24.0,1
2567,3943,1.2,14
2568,3944,8.0,7
2569,3945,24.0,1
2570,3946,0.75,13
2571,3947,1.0,0
2572,3948,24.0,1
2573,3949,24.0,1
2574,3950,0.5,6
2575,3951,1.6,18
2576,3952,0.5,6
2577,3953,12.0,2
2578,3954,0.54,25
2579,3955,0.5,6
2580,3956,0.53,6
2581,3957,24.0,1
2582,3961,0.52,6
2583,3962,24.0,1
2584,3963,0.5,6
2585,3967,2.67,16
2586,3968,0.52,6
2587,3971,0.5,6
2588,3973,24.0,1
2589,3975,5.99,4
2590,3976,24.0,1
2591,3977,0.57,25
2592,3978,12.0,2
2593,3980,24.0,1
2594,3982,24.0,1
2595,3983,24.0,1
2596,3985,24.0,1
2597,3986,1.0,0
2598,3987,12.0,2
2599,3988,6.0,4
2600,3989,24.0,1
2601,3990,0.53,6
2602,3991,1.85,24
2603,3992,24.0,1
2604,3993,2.18,20
2605,3994,0.54,25
2606,3995,24.0,1
2607,3997,24.0,1
2608,3999,0.5,6
2609,4001,24.0,1
2610,4002,0.5,6
2611,4003,8.0,7
2612,4004,0.51,6
2613,4007,0.55,25
2614,4010,0.92,21
2615,4011,0.5,6
2616,4015,0.67,22
2617,4016,24.0,1
2618,4017,0.53,6
2619,4018,0.5,6
2620,4020,1.0,0
2621,4021,24.0,1
2622,4022,0.5,6
2623,4023,0.6,17
2624,4024,24.0,1
2625,4027,0.75,13
2626,4029,24.0,1
2627,4030,24.0,1
2628,4031,6.0,4
2629,4032,24.0,1
2630,4037,24.0,1
2631,4040,0.6,17
2632,4041,0.57,25
2633,4043,4.0,8
2634,4044,0.51,6
2635,4046,6.0,4
2636,4047,12.0,2
2637,4048,1.41,10
2638,4050,24.0,1
2639,4051,0.56,25
2640,4052,1.25,19
2641,4053,24.0,1
2642,4054,0.61,17
2643,4057,0.57,25
2644,4059,0.63,22
2645,4060,0.51,6
2646,4061,0.8,13
2647,4063,0.52,6
2648,4064,0.5,6
2649,4065,0.6,17
2650,4066,2.22,20
2651,4067,0.51,6
2652,4071,0.5,6
2653,4072,2.0,9
2654,4075,2.4,5
2655,4076,0.5,6
2656,4077,0.53,6
2657,4079,0.51,6
2658,4080,0.53,6
2659,4081,0.76,13
2660,4082,24.0,1
2661,4083,1.33,19
2662,4086,0.55,25
2663,4087,24.0,1
2664,4088,24.0,1
2665,4089,12.0,2
2666,4091,0.63,22
2667,4092,1.33,19
2668,4095,0.59,17
2669,4096,6.0,4
2670,4097,0.5,6
2671,4099,0.92,21
2672,4101,0.53,6
2673,4102,1.0,0
2674,4103,24.0,1
2675,4104,24.0,1
2676,4106,1.2,14
2677,4107,0.57,25
2678,4111,1.71,18
2679,4113,0.53,6
2680,4114,24.0,1
2681,4115,0.57,25
2682,4116,0.52,6
2683,4118,24.0,1
2684,4119,0.54,25
2685,4122,24.0,1
2686,4123,0.55,25
2687,4124,24.0,1
2688,4126,0.5,6
2689,4127,1.0,0
2690,4128,24.0,1
2691,4129,24.0,1
2692,4130,4.8,12
2693,4131,1.71,18
2694,4132,0.5,6
2695,4133,6.0,4
2696,4134,1.5,10
2697,4135,24.0,1
2698,4137,0.75,13
2699,4140,24.0,1
2700,4141,0.53,6
2701,4143,8.0,7
2702,4144,0.52,6
2703,4146,1.0,0
2704,4147,24.0,1
2705,4148,0.52,6
2706,4149,24.0,1
2707,4150,24.0,1
2708,4151,24.0,1
2709,4152,0.52,6
2710,4153,12.0,2
2711,4154,2.0,9
2712,4155,0.53,6
2713,4156,24.0,1
2714,4157,6.0,4
2715,4158,24.0,1
2716,4159,0.6,17
2717,4161,0.56,25
2718,4162,24.0,1
2719,4163,0.5,6
2720,4165,12.0,2
2721,4166,0.52,6
2722,4167,2.4,5
2723,4168,0.54,25
2724,4169,24.0,1
2725,4170,0.5,6
2726,4171,24.0,1
2727,4173,1.26,19
2728,4174,0.51,6
2729,4175,24.0,1
2730,4176,12.0,2
2731,4177,0.51,6
2732,4178,1.2,14
2733,4179,0.51,6
2734,4180,0.5,6
2735,4181,1.0,0
2736,4182,24.0,1
2737,4183,1.51,10
2738,4185,0.54,25
2739,4186,24.0,1
2740,4188,0.71,13
2741,4189,11.98,2
2742,4190,24.0,1
2743,4191,1.33,19
2744,4192,0.5,6
2745,4194,0.55,25
2746,4195,0.53,6
2747,4196,24.0,1
2748,4200,24.0,1
2749,4201,24.0,1
2750,4202,1.0,0
2751,4203,0.57,25
2752,4204,0.52,6
2753,4205,1.0,0
2754,4206,0.75,13
2755,4208,24.0,1
2756,4209,0.55,25
2757,4210,0.63,22
2758,4211,1.06,0
2759,4213,0.5,6
2760,4214,0.53,6
2761,4216,12.0,2
2762,4217,24.0,1
2763,4220,0.5,6
2764,4222,0.53,6
2765,4224,12.0,2
2766,4227,24.0,1
2767,4228,0.5,6
2768,4231,1.5,10
2769,4233,2.0,9
2770,4234,24.0,1
2771,4235,0.6,17
2772,4236,1.0,0
2773,4239,0.51,6
2774,4240,24.0,1
2775,4241,8.0,7
2776,4243,0.52,6
2777,4244,24.0,1
2778,4245,0.51,6
2779,4246,24.0,1
2780,4249,2.4,5
2781,4250,1.14,14
2782,4253,24.0,1
2783,4254,1.33,19
2784,4255,0.53,6
2785,4259,6.0,4
2786,4261,0.65,22
2787,4262,1.04,0
2788,4263,12.0,2
2789,4264,0.5,6
2790,4266,0.51,6
2791,4268,0.75,13
2792,4270,0.96,0
2793,4272,12.0,2
2794,4273,2.0,9
2795,4274,24.0,1
2796,4275,24.0,1
2797,4276,0.55,25
2798,4277,24.0,1
2799,4279,24.0,1
2800,4281,24.0,1
2801,4283,24.0,1
2802,4286,0.53,6
2803,4287,24.0,1
2804,4288,6.0,4
2805,4290,6.0,4
2806,4294,1.0,0
2807,4295,24.0,1
2808,4296,0.57,25
2809,4297,6.0,4
2810,4298,0.5,6
2811,4300,24.0,1
2812,4301,2.0,9
2813,4303,24.0,1
2814,4304,2.0,9
2815,4306,0.8,13
2816,4307,0.51,6
2817,4308,0.5,6
2818,4310,24.0,1
2819,4311,3.0,11
2820,4312,2.4,5
2821,4314,0.53,6
2822,4315,2.4,5
2823,4316,0.52,6
2824,4317,24.0,1
2825,4319,0.51,6
2826,4322,12.0,2
2827,4323,24.0,1
2828,4324,0.5,6
2829,4325,12.0,2
2830,4330,24.0,1
2831,4331,24.0,1
2832,4333,24.0,1
2833,4334,24.0,1
2834,4335,24.0,1
2835,4336,0.5,6
2836,4339,24.0,1
2837,4341,0.76,13
2838,4343,0.6,17
2839,4345,24.0,1
2840,4346,0.5,6
2841,4347,2.4,5
2842,4348,6.0,4
2843,4350,0.55,25
2844,4352,24.0,1
2845,4354,6.0,4
2846,4356,0.51,6
2847,4358,0.86,21
2848,4359,0.5,6
2849,4361,0.54,25
2850,4363,24.0,1
2851,4365,0.62,17
2852,4367,0.5,6
2853,4369,24.0,1
2854,4370,0.6,17
2855,4371,12.0,2
2856,4372,0.5,6
2857,4375,0.5,6
2858,4376,6.0,4
2859,4378,24.0,1
2860,4379,24.0,1
2861,4380,24.0,1
2862,4381,24.0,1
2863,4382,2.0,9
2864,4383,0.52,6
2865,4384,24.0,1
2866,4385,0.59,17
2867,4387,0.5,6
2868,4389,0.51,6
2869,4390,0.51,6
2870,4391,2.0,9
2871,4393,0.51,6
2872,4394,0.5,6
2873,4396,24.0,1
2874,4397,2.0,9
2875,4398,1.0,0
2876,4399,12.0,2
2877,4400,1.17,14
2878,4402,1.33,19
2879,4404,24.0,1
2880,4405,24.0,1
2881,4406,24.0,1
2882,4407,24.0,1
2883,4408,0.54,25
2884,4409,1.0,0
2885,4410,0.78,13
2886,4412,0.5,6
2887,4413,24.0,1
2888,4415,24.0,1
2889,4418,24.0,1
2890,4420,24.0,1
2891,4424,24.0,1
2892,4425,0.66,22
2893,4426,24.0,1
2894,4427,24.0,1
2895,4430,24.0,1
2896,4431,0.51,6
2897,4433,0.5,6
2898,4434,1.14,14
2899,4435,0.71,13
2900,4436,0.61,17
2901,4438,0.54,25
2902,4439,24.0,1
2903,4440,0.59,17
2904,4443,0.51,6
2905,4444,24.0,1
2906,4445,4.0,8
2907,4446,24.0,1
2908,4447,24.0,1
2909,4448,0.53,6
2910,4449,0.51,6
2911,4450,24.0,1
2912,4451,24.0,1
2913,4453,0.5,6
2914,4455,0.5,6
2915,4456,24.0,1
2916,4457,24.0,1
2917,4458,12.0,2
2918,4461,24.0,1
2919,4462,0.75,13
2920,4464,0.89,21
2921,4465,0.5,6
2922,4467,0.59,17
2923,4468,0.67,22
2924,4471,0.51,6
2925,4472,24.0,1
2926,4473,24.0,1
2927,4476,24.0,1
2928,4478,8.0,7
2929,4479,24.0,1
2930,4480,24.0,1
2931,4481,24.0,1
2932,4482,0.56,25
2933,4483,1.0,0
2934,4484,24.0,1
2935,4485,24.0,1
2936,4487,0.5,6
2937,4488,1.04,0
2938,4490,0.58,17
2939,4491,0.55,25
2940,4492,24.0,1
2941,4493,0.67,22
2942,4494,1.33,19
2943,4495,24.0,1
2944,4496,8.0,7
2945,4498,24.0,1
2946,4499,1.34,19
2947,4500,24.0,1
2948,4501,24.0,1
2949,4503,24.0,1
2950,4504,24.0,1
2951,4505,6.0,4
2952,4506,24.0,1
2953,4507,24.0,1
2954,4508,0.5,6
2955,4509,24.0,1
2956,4510,24.0,1
2957,4511,0.54,25
2958,4516,0.51,6
2959,4517,24.0,1
2960,4518,0.57,25
2961,4519,0.51,6
2962,4520,0.53,6
2963,4521,0.5,6
2964,4522,0.58,17
2965,4523,4.8,12
2966,4524,24.0,1
2967,4525,24.0,1
2968,4528,0.52,6
2969,4529,24.0,1
2970,4530,0.51,6
2971,4532,0.5,6
2972,4533,24.0,1
2973,4534,24.0,1
2974,4535,24.0,1
2975,4536,0.59,17
2976,4539,0.54,25
2977,4540,2.67,16
2978,4541,11.98,2
2979,4542,1.41,10
2980,4543,1.19,14
2981,4544,2.67,16
2982,4545,0.54,25
2983,4547,0.5,6
2984,4548,12.0,2
2985,4549,0.52,6
2986,4550,0.56,25
2987,4553,24.0,1
2988,4555,0.61,17
2989,4558,24.0,1
2990,4561,0.92,21
2991,4562,3.43,15
2992,4563,0.5,6
2993,4565,24.0,1
2994,4566,0.93,21
2995,4567,0.58,17
2996,4568,0.53,6
2997,4569,12.0,2
2998,4570,0.5,6
2999,4571,0.5,6
3000,4574,24.0,1
3001,4575,12.0,2
3002,4577,1.2,14
3003,4582,24.0,1
3004,4583,1.0,0
3005,4584,24.0,1
3006,4585,24.0,1
3007,4586,0.5,6
3008,4587,3.0,11
3009,4589,0.53,6
3010,4591,24.0,1
3011,4592,0.58,17
3012,4594,24.0,1
3013,4595,0.75,13
3014,4596,0.86,21
3015,4597,24.0,1
3016,4598,1.33,19
3017,4600,24.0,1
3018,4602,0.55,25
3019,4607,0.55,25
3020,4608,1.41,10
3021,4609,24.0,1
3022,4611,24.0,1
3023,4612,0.52,6
3024,4613,24.0,1
3025,4614,0.51,6
3026,4615,7.99,7
3027,4616,0.71,13
3028,4625,0.92,21
3029,4626,24.0,1
3030,4627,1.17,14
3031,4629,0.67,22
3032,4631,24.0,1
3033,4633,24.0,1
3034,4634,0.51,6
3035,4635,0.52,6
3036,4637,24.0,1
3037,4639,24.0,1
3038,4640,24.0,1
3039,4641,0.5,6
3040,4642,1.14,14
3041,4645,0.52,6
3042,4646,0.57,25
3043,4647,24.0,1
3044,4649,0.5,6
3045,4651,24.0,1
3046,4652,24.0,1
3047,4655,2.0,9
3048,4657,24.0,1
3049,4658,0.52,6
3050,4660,0.6,17
3051,4661,0.52,6
3052,4662,24.0,1
3053,4663,24.0,1
3054,4664,1.85,24
3055,4665,0.67,22
3056,4666,24.0,1
3057,4667,24.0,1
3058,4670,24.0,1
3059,4671,24.0,1
3060,4672,24.0,1
3061,4673,0.86,21
3062,4674,24.0,1
3063,4675,0.57,25
3064,4677,24.0,1
3065,4679,0.61,17
3066,4680,0.5,6
3067,4682,24.0,1
3068,4683,0.56,25
3069,4685,24.0,1
3070,4688,24.0,1
3071,4689,24.0,1
3072,4690,6.0,4
3073,4691,24.0,1
3074,4692,24.0,1
3075,4693,24.0,1
3076,4694,24.0,1
3077,4696,24.0,1
3078,4699,1.2,14
3079,4700,12.0,2
3080,4702,24.0,1
3081,4703,24.0,1
3082,4706,24.0,1
3083,4707,12.0,2
3084,4708,24.0,1
3085,4709,24.0,1
3086,4710,24.0,1
3087,4711,24.0,1
3088,4712,24.0,1
3089,4713,0.5,6
3090,4714,0.57,25
3091,4718,24.0,1
3092,4719,12.0,2
3093,4720,24.0,1
3094,4721,12.0,2
3095,4723,0.54,25
3096,4724,0.7,22
3097,4726,24.0,1
3098,4727,0.57,25
3099,4729,0.55,25
3100,4730,24.0,1
3101,4731,0.52,6
3102,4732,24.0,1
3103,4736,0.55,25
3104,4737,1.0,0
3105,4738,0.5,6
3106,4740,0.67,22
3107,4741,24.0,1
3108,4742,24.0,1
3109,4743,12.0,2
3110,4746,12.0,2
3111,4749,24.0,1
3112,4750,0.5,6
3113,4752,0.5,6
3114,4754,24.0,1
3115,4755,24.0,1
3116,4756,0.65,22
3117,4758,2.0,9
3118,4761,0.52,6
3119,4762,24.0,1
3120,4763,24.0,1
3121,4764,12.0,2
3122,4765,0.68,22
3123,4766,0.55,25
3124,4767,24.0,1
3125,4768,0.54,25
3126,4769,24.0,1
3127,4771,0.52,6
3128,4772,24.0,1
3129,4773,12.0,2
3130,4774,24.0,1
3131,4775,1.2,14
3132,4776,0.86,21
3133,4777,24.0,1
3134,4778,2.18,20
3135,4780,24.0,1
3136,4781,24.0,1
3137,4782,0.67,22
3138,4786,24.0,1
3139,4789,24.0,1
3140,4790,24.0,1
3141,4791,6.0,4
3142,4793,0.5,6
3143,4794,0.53,6
3144,4795,1.26,19
3145,4798,0.71,13
3146,4799,0.53,6
3147,4800,24.0,1
3148,4802,8.0,7
3149,4803,24.0,1
3150,4804,0.56,25
3151,4808,12.0,2
3152,4811,0.86,21
3153,4812,24.0,1
3154,4813,0.5,6
3155,4814,24.0,1
3156,4816,24.0,1
3157,4818,24.0,1
3158,4821,0.5,6
3159,4822,0.59,17
3160,4823,0.6,17
3161,4825,3.43,15
3162,4826,0.5,6
3163,4828,24.0,1
3164,4829,24.0,1
3165,4830,24.0,1
3166,4832,12.0,2
3167,4833,24.0,1
3168,4834,0.55,25
3169,4836,24.0,1
3170,4837,6.0,4
3171,4841,0.5,6
3172,4842,24.0,1
3173,4843,24.0,1
3174,4844,0.51,6
3175,4846,4.0,8
3176,4847,24.0,1
3177,4848,0.5,6
3178,4850,24.0,1
3179,4852,0.64,22
3180,4853,0.51,6
3181,4855,0.57,25
3182,4856,24.0,1
3183,4857,1.33,19
3184,4858,1.0,0
3185,4861,24.0,1
3186,4862,24.0,1
3187,4863,24.0,1
3188,4864,1.0,0
3189,4865,24.0,1
3190,4866,2.0,9
3191,4867,24.0,1
3192,4869,0.98,0
3193,4870,24.0,1
3194,4871,24.0,1
3195,4872,24.0,1
3196,4874,8.0,7
3197,4875,12.0,2
3198,4876,1.71,18
3199,4877,24.0,1
3200,4880,1.21,14
3201,4881,1.0,0
3202,4883,0.51,6
3203,4884,0.6,17
3204,4885,24.0,1
3205,4886,24.0,1
3206,4888,8.0,7
3207,4890,0.56,25
3208,4891,24.0,1
3209,4893,0.61,17
3210,4895,0.53,6
3211,4896,0.59,17
3212,4897,1.0,0
3213,4900,0.5,6
3214,4902,0.52,6
3215,4903,24.0,1
3216,4905,24.0,1
3217,4907,24.0,1
3218,4911,8.0,7
3219,4912,0.52,6
3220,4913,0.5,6
3221,4914,24.0,1
3222,4915,24.0,1
3223,4917,24.0,1
3224,4918,24.0,1
3225,4919,0.5,6
3226,4920,1.0,0
3227,4921,24.0,1
3228,4923,0.5,6
3229,4925,24.0,1
3230,4926,1.0,0
3231,4928,24.0,1
3232,4929,3.0,11
3233,4930,24.0,1
3234,4933,1.25,19
3235,4934,1.33,19
3236,4935,24.0,1
3237,4937,1.0,0
3238,4938,24.0,1
3239,4939,1.0,0
3240,4942,24.0,1
3241,4943,24.0,1
3242,4944,0.53,6
3243,4945,1.19,14
3244,4946,24.0,1
3245,4947,2.0,9
3246,4948,0.5,6
3247,4949,1.85,24
3248,4950,24.0,1
3249,4953,0.51,6
3250,4954,1.71,18
3251,4957,24.0,1
3252,4959,24.0,1
3253,4960,24.0,1
3254,4961,12.0,2
3255,4963,0.54,25
3256,4964,24.0,1
3257,4965,0.68,22
3258,4966,24.0,1
3259,4969,12.0,2
3260,4970,24.0,1
3261,4971,0.53,6
3262,4972,24.0,1
3263,4973,24.0,1
3264,4974,0.5,6
3265,4976,0.6,17
3266,4977,24.0,1
3267,4980,0.5,6
3268,4981,24.0,1
3269,4982,12.0,2
3270,4983,24.0,1
3271,4984,0.6,17
3272,4985,0.55,25
3273,4986,24.0,1
3274,4990,0.92,21
3275,4991,12.0,2
3276,4992,24.0,1
3277,4993,0.89,21
3278,4995,24.0,1
3279,4997,0.5,6
3280,5000,0.53,6
