,Customer,Spectral Frequency 1 X,Spectral Frequency 1 Y,Spectral Frequency 2 X,Spectral Frequency 2 Y,K-means cluster
0,2,24.0,55.0976,23.9362,54.6101,9
1,3,24.0,875.6454,23.9362,867.8616,14
2,4,1.7153,3144.1649,1.7156,3142.6885,7
3,5,24.0,77.7135,24.0642,77.1143,9
4,6,24.0,82.6844,24.0642,82.1239,9
5,7,24.0,109.2515,24.0642,108.3587,9
6,9,12.0,6148.6251,11.984,6096.0143,3
7,10,24.0,338.5202,24.0642,335.5243,0
8,12,0.5495,34.6566,0.5496,34.6534,9
9,14,0.5556,52.6695,0.5557,52.6673,9
10,15,0.9742,3978.0594,0.9741,3977.188,11
11,19,0.9968,200.7383,0.9969,200.5092,9
12,21,12.0,136.4896,11.984,135.5575,9
13,22,1.0,738.4403,0.9999,732.4227,14
14,23,6.0,541.3816,5.996,537.564,0
15,24,12.0,53.2108,12.016,52.8949,9
16,25,24.0,251.8651,24.0642,249.7202,9
17,26,2.4,384.6482,2.3994,383.4108,0
18,28,0.7059,23.1063,0.7059,23.1039,9
19,29,0.6667,2904.2808,0.6668,2902.5114,7
20,30,0.5822,1430.6889,0.5821,1430.4232,18
21,31,24.0,162.406,24.0642,161.5133,9
22,34,1.2,375.5797,1.1998,372.7386,0
23,35,24.0,529.7482,23.9362,525.0274,0
24,37,24.0,98.1114,24.0642,97.4046,9
25,38,24.0,195.4401,24.0642,193.8544,9
26,39,0.5,427.1064,0.5,426.9363,0
27,41,24.0,135.8399,24.0642,134.8815,9
28,42,12.0,126.997,12.016,126.066,9
29,44,1.0221,309.6589,1.0223,309.5724,0
30,45,24.0,215.3976,23.9362,213.8196,9
31,46,0.5106,303.1255,0.5107,302.6275,0
32,47,12.0,225.7748,11.984,225.7099,9
33,48,24.0,222.8673,23.9362,221.0324,9
34,51,24.0,108.426,23.9362,107.565,9
35,52,0.5,299.3514,0.5,298.2745,0
36,53,0.5217,109.0997,0.5217,109.0274,9
37,54,6.0,181.5369,5.996,180.2336,9
38,55,0.7501,65.144,0.7501,65.135,9
39,56,24.0,258.6411,24.0642,256.2901,9
40,57,0.5063,30.0065,0.5062,29.9774,9
41,58,0.5857,32.7952,0.5857,32.7719,9
42,59,0.6805,34.5673,0.6805,34.5527,9
43,61,24.0,137.4855,23.9362,136.3106,9
44,64,24.0,881.5002,24.0642,873.6282,14
45,65,0.5333,56.4859,0.5217,56.428,9
46,66,0.6958,31.855,0.6958,31.8477,9
47,67,1.0909,166.7984,1.0908,166.1626,9
48,68,2.0,524.8846,2.0004,524.2479,0
49,69,0.5,645.3962,0.5,639.8961,0
50,71,24.0,98.7363,24.0642,97.9159,9
51,73,24.0,550.3349,23.9362,545.3201,0
52,75,24.0,452.7997,24.0642,448.735,0
53,76,0.5455,114.3414,0.5455,114.2891,9
54,77,0.9954,1612.2093,0.9952,1608.8691,18
55,78,8.0,2158.6744,7.9929,2155.0926,18
56,81,12.0,8741.3137,12.016,8696.6392,13
57,82,0.6486,528.6321,0.6487,526.5878,0
58,83,24.0,197.7493,23.9362,196.2265,9
59,85,0.5,3752.2998,0.5,3719.2311,11
60,87,24.0,1119.7339,23.9362,1110.1241,14
61,88,0.5915,42.9473,0.5914,42.9366,9
62,89,24.0,37.7228,24.0642,37.3992,9
63,92,24.0,581.318,23.9362,576.5127,0
64,93,1.3333,1489.348,1.3335,1480.2168,18
65,94,24.0,304.2413,23.9362,301.9524,0
66,95,24.0,74.4296,23.9362,73.7713,9
67,96,0.542,6239.0196,0.542,6238.3979,3
68,97,0.5,375.9062,0.5,373.3301,0
69,99,1.2632,749.7893,1.263,745.8012,14
70,100,24.0,102.493,24.0642,102.0557,9
71,101,24.0,643.5321,23.9362,638.1596,0
72,102,0.6,309.6468,0.6,308.4321,0
73,105,24.0,47.1473,23.9362,46.7433,9
74,108,1.0,3759.9625,0.9999,3726.5971,11
75,109,0.5241,663.8331,0.5241,663.2843,0
76,113,0.5251,36.421,0.525,36.4191,9
77,114,0.5106,52.9311,0.5106,52.6252,9
78,115,24.0,410.3376,23.9362,406.9143,0
79,116,24.0,30.785,24.0642,30.5261,9
80,117,12.0,209.0978,11.984,208.6671,9
81,118,24.0,955.7275,23.9362,947.0757,14
82,120,24.0,374.6896,24.0642,371.5418,0
83,121,1.0,6152.3229,0.9999,6126.0668,3
84,125,3.8103,259.2226,3.8087,259.1978,9
85,126,24.0,8631.7024,23.9362,8553.4173,13
86,128,12.0,249.2011,11.984,247.0566,9
87,129,3.9982,25344.8019,4.0,25270.7431,19
88,132,0.5588,33.8437,0.5587,33.833,9
89,133,12.0,172.5817,11.984,171.2574,9
90,134,24.0,170.8465,23.9362,169.502,9
91,136,2.4,271.4523,2.3994,270.6252,9
92,137,0.5,236.2665,0.5,234.399,9
93,139,8.0,1912.257,8.0071,1903.4028,18
94,140,0.5072,40.7953,0.5073,40.7897,9
95,141,24.0,52.8699,23.9362,52.4749,9
96,142,24.0,42.5483,23.9362,42.1796,9
97,143,6.4516,1177.354,6.4562,1176.9404,14
98,145,24.0,270.6538,23.9362,268.66,9
99,146,6.0,224.0071,6.004,222.0223,9
100,147,0.5106,75.1748,0.5106,75.03,9
101,149,1.0,607.2287,0.9999,601.8869,0
102,150,0.5,46.5709,0.5,46.4882,9
103,153,0.6804,32.5031,0.6803,32.4898,9
104,154,24.0,37.4616,23.9362,37.156,9
105,155,0.5159,33.9181,0.516,33.9144,9
106,156,24.0,663.4017,24.0642,657.8031,0
107,157,24.0,148.7206,24.0642,147.8154,9
108,159,24.0,62.7525,24.0642,62.3596,9
109,161,24.0,51.1238,0.503,50.9947,9
110,163,24.0,1798.7291,24.0642,1785.0567,18
111,165,3.0,595.8049,2.999,592.8827,0
112,166,24.0,1101.766,23.9362,1091.9775,14
113,169,0.5,40.1056,0.5,40.0455,9
114,170,24.0,344.0097,24.0642,341.6081,0
115,171,24.0,100.8147,23.9362,100.2589,9
116,174,0.6,204.2903,0.6,203.5875,9
117,175,1.3554,363.8789,1.3556,361.7512,0
118,176,0.5,442.5037,0.5,438.7832,0
119,177,1.3333,106.7785,1.3335,106.1894,9
120,179,1.0,1744.286,1.0001,1742.6271,18
121,182,1.0001,237.2027,1.0,237.0597,9
122,183,24.0,133.7004,24.0642,132.8978,9
123,184,24.0,1618.0199,23.9362,1603.6076,18
124,185,24.0,62.3534,23.9362,61.9639,9
125,187,0.5,393.9807,0.5,393.3131,0
126,188,0.5455,37.1012,0.5455,37.0805,9
127,189,0.6487,30.8994,0.6487,30.892,9
128,190,0.5213,37.857,0.5213,37.8552,9
129,193,0.5173,31.1106,0.5172,31.103,9
130,194,1.3365,578.4026,1.3363,576.0832,0
131,195,0.5,486.7687,0.5,482.868,0
132,198,1.2,318.6039,1.2002,316.6438,0
133,199,24.0,340.8692,24.0642,338.1631,0
134,200,0.5111,32.0709,0.5111,32.0621,9
135,202,0.5334,27.2746,0.5334,27.274,9
136,204,24.0,127.3377,23.9362,126.203,9
137,205,0.5217,26.3686,0.5217,26.3558,9
138,207,0.6316,30.4699,0.6315,30.4578,9
139,208,0.6938,71.1884,0.6937,71.1183,9
140,213,24.0,405.9045,23.9362,402.3402,0
141,214,1.5743,54.3314,1.574,54.317,9
142,218,24.0,77.0318,24.0642,76.4008,9
143,219,12.0,2744.8089,12.016,2722.4852,7
144,220,0.5,2423.5528,0.5,2408.1653,7
145,221,24.0,179.1024,24.0642,177.665,9
146,222,24.0,446.5557,23.9362,442.4993,0
147,224,24.0,59.4696,23.9362,58.9509,9
148,225,24.0,403.9244,23.9362,400.3085,0
149,226,0.9473,179.5201,0.9472,179.452,9
150,227,12.0,82.2809,11.984,81.7528,9
151,230,0.5312,24.513,0.5312,24.5091,9
152,231,0.5106,124.2972,0.5107,123.9793,9
153,232,0.5813,28.9044,0.5813,28.8935,9
154,234,0.5999,2699.7156,0.6,2698.9792,7
155,235,12.0,110.1441,11.984,109.6149,9
156,236,2.0,3039.0251,2.0004,3031.3897,7
157,237,24.0,77.0425,23.9362,76.6812,9
158,238,0.6877,136.6085,0.6878,136.5717,9
159,239,1.0,6772.6665,1.0001,6772.0848,3
160,240,24.0,73.157,24.0642,72.6912,9
161,241,1.4118,215.7213,1.412,215.4212,9
162,245,24.0,150.1985,23.9362,148.8299,9
163,248,0.5,500.0711,0.5,496.8481,0
164,249,24.0,298.0345,23.9362,295.432,0
165,250,24.0,82.6475,24.0642,81.9695,9
166,252,0.5094,49.0551,0.5094,49.0515,9
167,253,8.0,625.7576,7.9929,625.2985,0
168,254,0.5216,42.0264,0.5216,42.015,9
169,255,24.0,68.9499,24.0642,68.6683,9
170,256,2.4,423.1972,2.3994,421.5411,0
171,259,1.0,1547.1151,1.0001,1533.8477,18
172,260,3.0,13083.3032,2.999,13045.5796,5
173,261,0.5,534.3288,0.5,530.7869,0
174,265,24.0642,658.2374,24.0,658.1038,0
175,266,0.5248,178.8024,0.5249,178.5711,9
176,267,0.5,105.1075,0.5,104.9582,9
177,268,0.5015,27.6596,0.5015,27.6571,9
178,271,0.5692,36.5014,0.5692,36.5004,9
179,272,2.4,266.2818,2.4006,265.5846,9
180,273,24.0,670.8849,24.0642,665.0706,0
181,275,0.683,53.9391,0.683,53.9231,9
182,277,1.0,298.0976,1.0001,295.97,0
183,279,24.0,1046.6318,24.0642,1037.8927,14
184,281,0.5217,24.5428,0.5217,24.541,9
185,282,0.6,75.2285,0.6,75.1247,9
186,283,1.2632,76.4752,1.2633,76.1091,9
187,284,1.0,3062.3515,0.9999,3035.8956,7
188,285,24.0,537.1431,23.9362,532.2661,0
189,286,0.5,41.1139,0.5,40.9572,9
190,287,0.866,251.4645,0.8661,251.4261,9
191,288,8.0,53.6499,8.0071,53.2208,9
192,289,0.6981,182.5558,0.6981,182.5484,9
193,292,0.5598,30.1219,0.5598,30.1201,9
194,294,1.263,100.5206,1.2628,100.4369,9
195,295,0.5069,27.2337,0.5069,27.2162,9
196,296,0.5,1568.6286,0.5,1555.0403,18
197,297,24.0,160.6217,23.9362,159.3468,9
198,298,24.0,187.5595,23.9362,186.0193,9
199,299,24.0,431.2881,24.0642,427.6215,0
200,300,12.0,17277.6706,12.016,17147.2693,8
201,303,24.0,1655.9808,23.9362,1641.7563,18
202,304,0.5,390.7042,0.5,388.6103,0
203,306,24.0,204.8753,23.9362,203.288,9
204,307,24.0,34.8012,23.9362,34.5675,9
205,308,0.5,56.8518,0.5,56.7452,9
206,309,24.0,341.5513,23.9362,338.6736,0
207,311,1.0,394.5303,0.9999,391.9991,0
208,312,2.0,118.0329,2.0004,117.6399,9
209,313,0.6485,37.165,0.6485,37.1588,9
210,314,24.0,156.0874,23.9362,154.8298,9
211,315,0.9231,499.0177,0.9232,497.6645,0
212,317,8.0,289.7132,7.9929,288.8048,0
213,319,24.0,9362.3201,24.0642,9289.6679,13
214,320,24.0,30.8017,24.0642,30.5932,9
215,323,0.5218,143.1741,0.5218,142.8723,9
216,324,24.0,41.3656,23.9362,41.0038,9
217,326,24.0,346.9909,23.9362,344.2451,0
218,327,24.0,184.2356,23.9362,182.6306,9
219,330,24.0,36.7631,23.9362,36.5631,9
220,331,0.6185,67.1173,0.6185,67.0806,9
221,332,0.5492,50.7918,0.5491,50.7911,9
222,333,0.5213,26.3876,0.5213,26.3806,9
223,334,1.6,44.5215,1.6003,44.411,9
224,335,0.75,330.4963,0.7499,330.4518,0
225,336,1.6,81.3032,1.6003,81.0855,9
226,338,12.0,79.1136,11.984,78.4833,9
227,340,0.5455,227.2338,0.5455,226.0823,9
228,342,0.8571,118.1506,0.8571,118.136,9
229,345,0.5418,28.2256,0.5419,28.2186,9
230,346,24.0,3899.7823,23.9362,3867.74,11
231,347,24.0,795.3563,24.0642,791.2175,14
232,349,24.0,587.4727,24.0642,582.1173,0
233,350,12.0,269.4542,11.984,267.8641,9
234,351,0.5769,38.3447,0.5769,38.3358,9
235,352,8.0,54.8941,8.0071,54.5656,9
236,353,0.5157,34.4022,0.5157,34.3966,9
237,356,0.6667,1094.076,0.6667,1091.1078,14
238,360,2.6667,352.7057,2.6659,352.1345,0
239,361,0.5995,28.5382,0.5996,28.5288,9
240,362,0.6639,616.8344,0.664,616.8194,0
241,363,24.0,152.557,23.9362,151.2548,9
242,364,24.0,1142.3138,23.9362,1134.8097,14
243,366,24.0,83.7485,24.0642,83.1585,9
244,367,0.5715,163.9801,0.5715,163.8913,9
245,368,2.6667,162.8914,2.6675,162.4567,9
246,369,0.5333,483.9259,0.5333,482.0193,0
247,370,12.0,169.2731,11.984,167.8855,9
248,371,0.5422,40.5237,0.5422,40.5086,9
249,372,0.6154,42.8097,0.6154,42.7455,9
250,373,1.0909,11850.8255,1.091,11808.3662,5
251,375,24.0,214.6754,23.9362,213.0234,9
252,376,0.7335,37.2698,0.7336,37.2671,9
253,377,24.0,90.7179,24.0642,90.3765,9
254,380,0.8603,61.4535,0.8603,61.4398,9
255,381,1.3333,165.4125,1.3335,164.4849,9
256,383,0.7357,523.933,0.7358,523.5811,0
257,384,24.0,158.2541,24.0642,156.8745,9
258,385,0.5999,39.0198,0.6,38.9946,9
259,386,1.1678,896.0091,1.1676,895.4577,14
260,388,12.0,362.8649,12.016,359.8733,0
261,389,0.5,39.6216,0.5,39.5842,9
262,392,1.0,1566.1496,0.9999,1553.0311,18
263,394,0.6056,341.2839,0.6056,341.2147,0
264,397,24.0,221.3105,23.9362,219.6838,9
265,398,0.5106,43.4414,0.5106,43.4245,9
266,401,6.0,5454.5711,24.0,5439.145,16
267,402,0.7531,585.9085,0.7531,585.8406,0
268,403,0.96,99.1249,0.9601,98.4406,9
269,404,12.0,82.1424,11.984,81.7739,9
270,405,0.5,1186.7742,0.5,1184.5702,14
271,406,12.0,86.9049,11.984,86.2658,9
272,407,3.0,3122.3094,3.001,3115.1423,7
273,408,24.0,219.3784,24.0642,217.6388,9
274,410,0.63,48.3408,0.6299,48.291,9
275,411,1.004,525.3772,1.0041,523.8642,0
276,412,0.5179,46.0721,0.5179,46.0582,9
277,413,0.5052,20.4062,0.5052,20.3997,9
278,414,24.0,269.143,23.9362,266.7841,9
279,415,0.5,7784.3342,0.5,7713.5929,13
280,416,0.8902,335.9141,0.8903,335.9123,0
281,417,24.0,44.4657,23.9362,44.063,9
282,418,24.0,196.7755,24.0642,195.2351,9
283,419,1.0,242.2602,1.0001,241.6716,9
284,421,24.0,1015.8075,23.9362,1007.8774,14
285,423,24.0,466.7439,23.9362,463.0339,0
286,425,0.5,778.2113,0.5,771.6241,14
287,426,0.5455,52.6437,0.5455,52.6138,9
288,427,1.4118,222.2955,1.4115,221.6896,9
289,428,24.0,836.2727,24.0642,829.3544,14
290,430,1.2,4895.4001,1.1998,4887.4874,16
291,432,1.0435,1311.7576,1.0434,1304.137,14
292,433,24.0,314.9526,24.0642,312.2307,0
293,434,24.0,90.0572,23.9362,89.2706,9
294,436,1.0,566.8798,1.0001,565.4319,0
295,437,24.0,2574.5179,23.9362,2551.2495,7
296,438,0.6721,268.761,0.6721,268.5064,9
297,439,2.0004,59.7511,2.0,59.7082,9
298,440,24.0,258.2663,24.0642,256.213,9
299,441,2.1818,6495.6356,2.1813,6483.6246,3
300,442,24.0,2988.006,23.9362,2961.0515,7
301,443,24.0,58.5668,23.9362,58.1529,9
302,445,24.0,275.4066,24.0642,272.9369,9
303,448,0.511,130.667,0.511,130.5722,9
304,449,24.0,400.2447,23.9362,397.1625,0
305,450,0.5065,28.3295,0.5065,28.316,9
306,451,0.5852,83.8463,0.5853,83.8402,9
307,452,1.0,835.4045,1.0001,828.5497,14
308,453,0.5,5655.0238,0.5,5603.9932,16
309,454,24.0,4286.3908,23.9362,4250.4758,11
310,455,24.0,12005.7646,23.9362,11902.565,5
311,457,24.0,202.6981,24.0642,200.8924,9
312,458,0.5,309.3527,0.5,307.0305,0
313,459,0.5,167.685,0.5,166.5848,9
314,460,0.7273,5730.4726,0.7273,5723.5486,16
315,461,24.0,109.6631,24.0642,108.6779,9
316,463,24.0,316.0754,24.0642,313.9224,0
317,465,24.0,667.0279,24.0642,663.2573,0
318,466,2.4,233.5912,2.3994,233.0024,9
319,467,24.0,360.0837,24.0642,357.3529,0
320,468,24.0,645.3267,23.9362,639.5682,0
321,470,0.5122,34.0275,0.5121,34.02,9
322,471,0.533,34.726,0.533,34.7174,9
323,473,1.0435,184.9354,1.0436,183.5869,9
324,474,0.6857,44.3632,0.6002,44.3187,9
325,475,0.7541,106.4212,0.7541,106.0898,9
326,481,0.5,184.5396,0.5,183.8069,9
327,482,0.5579,46.7348,0.5579,46.7218,9
328,484,0.6016,35.5491,0.6016,35.5342,9
329,485,24.0,93.219,23.9362,92.6107,9
330,486,0.5455,232.3564,0.5455,232.3005,9
331,487,1.0,527.4637,0.9999,525.4442,0
332,488,12.0,220.0366,11.984,218.1788,9
333,489,0.5452,39.884,0.5452,39.8795,9
334,490,0.5395,20.9061,0.5395,20.8989,9
335,491,24.0,62.3869,24.0642,61.8256,9
336,493,0.6976,45.8698,0.6977,45.8669,9
337,494,1.0,127.7038,1.0001,126.9499,9
338,497,24.0,198.1292,23.9362,196.3702,9
339,498,0.5229,48.9409,0.5229,48.9283,9
340,499,24.0,427.2918,23.9362,423.6014,0
341,500,0.6667,193.7148,0.6666,193.536,9
342,501,12.0,298.5878,12.016,296.4777,0
343,502,1.4118,358.0728,1.4115,357.6323,0
344,503,24.0,5237.9381,24.0642,5191.9202,16
345,505,12.0,245.9575,12.016,244.4607,9
346,508,8.0,127.0883,7.9929,126.1175,9
347,509,24.0,126.1402,23.9362,125.1238,9
348,510,24.0,859.4515,23.9362,851.7601,14
349,511,0.7743,63.4993,0.7742,63.408,9
350,512,0.5023,37.9209,0.5023,37.9084,9
351,513,0.5,3095.7678,0.5,3068.1752,7
352,514,24.0,412.6671,23.9362,408.8817,0
353,518,12.0,150.3983,11.984,149.4698,9
354,520,0.5714,424.8201,0.5714,424.4636,0
355,521,0.5585,46.6269,0.5585,46.6266,9
356,522,0.75,263.721,0.7501,262.8858,9
357,523,24.0,106.7107,23.9362,105.8655,9
358,524,0.5459,672.7874,0.546,672.7821,0
359,525,24.0,502.032,24.0642,500.7427,0
360,526,12.0,271.5439,12.016,270.624,9
361,527,0.5217,43.7041,0.5218,43.6317,9
362,529,0.5435,617.7984,0.5436,617.5204,0
363,531,24.0,508.9906,23.9362,505.1035,0
364,533,0.5052,41.2556,0.5052,41.2466,9
365,536,24.0,861.3886,24.0642,854.6711,14
366,537,12.0,146.4111,12.016,145.4609,9
367,538,12.0,120.908,11.984,119.873,9
368,543,24.0,1006.6047,23.9362,997.5743,14
369,544,0.5,362.4493,0.5,361.9369,0
370,545,24.0,203.3112,24.0642,201.4662,9
371,546,24.0,104.5134,23.9362,103.5827,9
372,547,24.0,2381.2048,23.9362,2359.8895,7
373,548,0.6,40.4074,0.6,40.3849,9
374,549,24.0,48.7555,23.9362,48.3729,9
375,554,0.5,1591.2898,0.5,1578.3441,18
376,555,24.0,2777.3704,24.0642,2753.5359,7
377,556,24.0,168.9472,24.0642,167.6407,9
378,557,24.0,288.9731,23.9362,286.4022,0
379,558,24.0,47.6225,24.0642,47.2443,9
380,559,24.0,786.9954,23.9362,781.4704,14
381,560,0.5147,14.581,0.5147,14.5735,9
382,561,0.5107,52.3456,0.5107,52.2962,9
383,562,24.0,39.062,24.0642,38.7435,9
384,563,24.0,884.152,24.0642,879.4647,14
385,564,1.3333,109.7223,1.3335,109.3353,9
386,566,0.5187,27.0654,0.5186,27.0538,9
387,567,24.0,78.1354,23.9362,77.43,9
388,568,24.0,64.6215,23.9362,64.0532,9
389,569,0.5106,36.0339,0.5106,35.9548,9
390,571,12.0,56.1617,11.984,55.8683,9
391,572,0.6822,22.8314,0.6822,22.8275,9
392,575,0.5055,28.0914,0.5056,28.0859,9
393,576,24.0,358.941,24.0642,355.8358,0
394,577,0.5,7234.4072,0.5,7193.5087,3
395,578,2.6667,1683.0277,2.6675,1675.5751,18
396,579,1.3333,15136.2384,1.3335,15087.7589,17
397,580,0.6,35.8025,0.6,35.7738,9
398,581,0.5573,27.0433,0.5573,27.0392,9
399,582,0.6997,589.4523,0.6996,589.3233,0
400,583,24.0,85.3118,23.9362,84.567,9
401,584,0.6667,14693.8357,0.6668,14675.8226,17
402,585,8.0,280.5627,8.0071,279.0525,0
403,587,24.0,100.7353,23.9362,99.9273,9
404,588,0.5107,59.041,0.5107,59.0183,9
405,589,0.5342,39.0004,0.5343,39.0003,9
406,590,0.5391,105.7216,0.5391,105.6676,9
407,592,2.0,444.059,1.9996,443.2328,0
408,595,0.564,29.7907,0.5641,29.7805,9
409,597,0.5217,42.8141,0.5217,42.7304,9
410,598,0.5547,38.3158,0.5547,38.3145,9
411,599,1.5,413.0038,1.4998,412.6245,0
412,601,0.5193,174.6241,0.5193,174.493,9
413,603,24.0,257.1208,24.0642,255.9393,9
414,605,2.0,39.5499,1.9996,39.4595,9
415,607,24.0,256.9413,24.0642,254.9377,9
416,608,24.0,78.6478,24.0642,78.1023,9
417,610,24.0,1077.4528,24.0642,1069.2287,14
418,611,0.5582,29.1668,0.5581,29.1622,9
419,613,1.2366,33.3623,1.2368,33.361,9
420,614,6.0,67.3789,6.004,67.0,9
421,615,0.5242,33.1126,0.5241,33.0838,9
422,616,0.8246,72.655,0.8245,72.6322,9
423,618,0.5456,48.8647,0.5456,48.8524,9
424,619,0.75,404.7872,0.7501,403.6288,0
425,620,0.5,3465.4334,0.5,3434.341,11
426,621,24.0,103.5075,24.0642,102.7661,9
427,622,24.0,276.4603,23.9362,274.3865,9
428,624,0.5,1205.8318,0.5,1196.0158,14
429,625,24.0,145.8565,23.9362,144.5979,9
430,627,24.0,428.407,23.9362,427.3805,0
431,630,2.4,1896.944,2.4006,1892.7592,18
432,631,24.0,532.2964,24.0642,527.504,0
433,633,24.0,6293.3263,23.9362,6242.0574,3
434,634,0.5106,29.4978,0.5106,29.4883,9
435,637,1.5,399.8424,1.4998,398.3164,0
436,638,1.0,90.8801,1.0001,90.2861,9
437,639,24.0,505.0056,23.9362,500.3394,0
438,640,24.0,674.5522,23.9362,668.5809,0
439,641,0.5454,33.6763,0.5454,33.6643,9
440,642,24.0,72.605,23.9362,72.0658,9
441,643,0.5054,33.5452,0.5054,33.5389,9
442,647,0.5,125.2887,0.5,124.5301,9
443,648,24.0,8611.8611,23.9362,8534.5883,13
444,649,24.0,813.341,23.9362,806.6032,14
445,650,0.5455,50.9487,0.5455,50.8007,9
446,651,0.6667,31.5667,0.6667,31.5054,9
447,653,24.0,66.6296,23.9362,66.172,9
448,654,24.0,1532.249,24.0642,1521.7577,18
449,655,0.8571,1002.3529,0.8572,994.8346,14
450,656,24.0,422.1558,23.9362,419.048,0
451,658,24.0,368.005,24.0642,365.1993,0
452,659,24.0,58.1501,23.9362,57.6874,9
453,661,3.001,12634.0827,3.002,12613.7764,5
454,662,0.6633,46.1427,0.6633,46.139,9
455,663,24.0,614.8409,23.9362,609.1761,0
456,665,1.4118,3013.2352,1.412,2997.425,7
457,666,0.5,1824.918,0.5,1818.5753,18
458,667,0.5718,28.3095,0.5717,28.2938,9
459,669,12.0,130.886,11.984,129.8071,9
460,671,24.0,104.9854,24.0642,104.038,9
461,672,0.5656,100.9444,0.5656,100.9168,9
462,673,0.514,33.533,0.514,33.5303,9
463,674,24.0,107.1633,23.9362,106.3018,9
464,675,0.534,31.3001,0.534,31.2939,9
465,676,24.0,1314.7252,24.0642,1302.8759,14
466,677,24.0,97.9798,24.0642,97.129,9
467,678,0.6145,25.4347,0.6144,25.434,9
468,682,0.5083,22.5821,0.5083,22.575,9
469,684,24.0,163.6284,24.0642,162.443,9
470,685,0.5966,35.2058,0.5966,35.2051,9
471,686,24.0,66.4006,23.9362,65.8123,9
472,687,0.5961,42.3961,0.5961,42.3938,9
473,688,12.0,798.7095,12.016,791.8795,14
474,689,1.0,61499.7655,1.0001,61008.543,4
475,692,0.5,1194.2455,0.5,1183.6933,14
476,693,24.0,78.3195,23.9362,78.0549,9
477,694,24.0,136.1538,24.0642,135.1596,9
478,696,24.0,107.9758,24.0642,107.0596,9
479,698,0.5353,32.5833,0.5352,32.5746,9
480,700,1.4995,835.2766,1.4993,833.1312,14
481,702,1.0,595.3645,1.0001,590.5569,0
482,703,2.0,362.626,2.0004,361.5811,0
483,704,24.0,1698.5237,24.0642,1684.6164,18
484,705,24.0,404.005,23.9362,400.3923,0
485,707,24.0,137.4429,23.9362,136.5782,9
486,708,24.0,55.9611,23.9362,55.4687,9
487,710,24.0,1273.9744,23.9362,1262.8303,14
488,713,0.5073,99.7222,0.5073,99.6847,9
489,714,0.7188,19.7663,0.7189,19.7572,9
490,715,2.0,49.7194,2.0004,49.6929,9
491,717,24.0,82.9492,24.0642,82.2559,9
492,718,24.0,89.8121,24.0642,89.0169,9
493,719,24.0,66.7437,23.9362,66.1609,9
494,720,24.0,90.4621,24.0642,90.2003,9
495,721,0.8457,2363.7704,0.8458,2362.7182,7
496,722,0.5,48.2749,0.5,48.251,9
497,723,1.714,887.2194,1.7143,887.0722,14
498,725,0.511,165.062,0.511,165.0348,9
499,727,24.0,47.444,24.0642,47.138,9
500,728,24.0,169.9296,24.0642,168.3721,9
501,729,0.75,629.133,0.7499,624.8142,0
502,730,0.5364,102.4721,0.5363,102.4222,9
503,731,0.5115,31.3153,0.5115,31.3013,9
504,732,24.0,2108.5533,23.9362,2091.2565,18
505,734,24.0,655.793,23.9362,650.9441,0
506,735,1.0,2431.9816,1.0001,2422.6457,7
507,737,1.0435,547.7612,1.0436,542.8913,0
508,738,24.0,365.744,24.0642,362.6223,0
509,741,1.1429,53.9275,1.1427,53.5338,9
510,742,2.1818,150.211,2.1813,150.0179,9
511,745,6.0,74.1011,6.004,73.6559,9
512,746,0.9619,264.8507,0.9621,264.6635,9
513,747,24.0,62.3888,24.0642,62.0974,9
514,749,12.0,579.4485,12.016,576.5664,0
515,750,2.0,316.7928,2.0004,315.3285,0
516,752,0.558,47.1607,0.558,47.155,9
517,753,12.0,114.9569,11.984,114.3019,9
518,756,4.8026,7749.1921,4.8,7740.6759,13
519,757,0.5001,14.5046,0.5001,14.5,9
520,758,0.6224,228.7147,0.6224,228.6451,9
521,759,24.0,443.4441,23.9362,439.6073,0
522,763,24.0,1789.5703,24.0642,1775.7849,18
523,765,24.0,149.939,24.0642,148.6129,9
524,768,2.6667,1249.0289,2.6659,1244.8193,14
525,770,0.6008,50.7264,0.6008,50.7257,9
526,771,0.9231,44622.9743,0.923,44483.0385,6
527,773,24.0,710.8394,24.0642,706.199,0
528,774,0.8571,65.5365,0.8572,65.185,9
529,775,24.0,264.4017,23.9362,263.726,9
530,776,1.3431,169.1447,1.3433,169.034,9
531,777,0.5,42.8241,0.5,42.795,9
532,778,0.7475,1797.5781,0.7474,1795.099,18
533,779,0.6128,38.8894,0.6128,38.8763,9
534,781,24.0,568.6245,24.0642,564.1676,0
535,785,24.0,161.3117,23.9362,159.9872,9
536,786,2.4,208.7969,2.4006,208.1722,9
537,787,24.0,184.6662,23.9362,183.0785,9
538,788,24.0,334.0303,23.9362,331.0397,0
539,790,1.3333,103.3568,1.3331,103.1928,9
540,796,0.5858,35.2167,0.5859,35.202,9
541,797,24.0,202.6422,23.9362,200.9553,9
542,798,0.7742,474.815,0.7743,472.8572,0
543,799,24.0,859.7765,23.9362,852.0409,14
544,802,24.0,909.4293,24.0642,901.5907,14
545,805,24.0,247.6485,24.0642,245.4154,9
546,806,24.0,1628.8578,24.0642,1616.179,18
547,808,12.0,16060.5158,12.016,15993.6992,8
548,809,8.0,1962.6387,7.9929,1961.2879,18
549,810,8.0,102.9681,7.9929,102.3682,9
550,812,24.0,308.0253,23.9362,305.6425,0
551,813,1.559,266.4935,1.5587,266.463,9
552,814,1.3321,3829.606,1.332,3829.0131,11
553,815,1.0,990.6654,1.0001,982.494,14
554,817,24.0,102.7875,24.0642,102.1446,9
555,818,1.0435,597.9092,1.0434,593.7656,0
556,820,0.5,104.0224,0.5,103.991,9
557,822,24.0,610.9386,24.0642,605.5491,0
558,823,0.5324,39.0382,0.5324,39.0225,9
559,824,0.9962,797.8224,0.9961,796.9198,14
560,827,0.8572,136.0429,0.8571,135.889,9
561,828,24.0,144.7507,23.9362,143.5956,9
562,829,5.996,239.4913,4.7974,238.9495,9
563,831,8.0,3098.0697,7.9929,3084.8919,7
564,832,24.0,79.001,24.0642,78.3221,9
565,834,24.0,32.3051,24.0642,32.0766,9
566,835,24.0,149.4371,23.9362,148.2729,9
567,836,12.0,164.1297,11.984,162.8657,9
568,837,24.0,15520.2585,24.0642,15398.1292,17
569,839,1.7143,38.3193,1.714,38.2157,9
570,843,1.2632,563.8339,1.263,561.0408,0
571,844,24.0,182.6179,24.0642,181.3253,9
572,845,24.0,563.8636,24.0642,558.842,0
573,846,24.0,69.7198,24.0642,69.0816,9
574,849,24.0,1209.3252,23.9362,1201.8768,14
575,851,3.4286,177.0692,3.4273,176.175,9
576,852,0.6316,47.4521,0.6316,47.3903,9
577,854,24.0,550.8924,23.9362,546.1828,0
578,858,0.5714,47.3972,0.5714,47.3677,9
579,861,24.0,2767.3906,23.9362,2744.1491,7
580,862,0.556,41.1722,0.556,41.1692,9
581,863,0.96,180.9503,0.9599,180.2681,9
582,864,1.4118,6027.8023,1.4115,6012.1421,3
583,865,24.0,509.8879,23.9362,505.2942,0
584,867,24.0,2672.9028,23.9362,2650.1344,7
585,868,24.0,708.5715,24.0642,703.3447,0
586,869,24.0,85.0789,24.0642,84.4257,9
587,872,0.5084,29.8635,0.5084,29.8545,9
588,873,24.0,258.0299,23.9362,255.8063,9
589,874,24.0,325.6864,23.9362,322.9501,0
590,875,24.0,206.0652,24.0642,204.3036,9
591,877,0.96,107.8514,0.9599,107.7524,9
592,878,24.0,109.9357,23.9362,108.9461,9
593,880,0.5854,74.0079,0.5855,73.9931,9
594,881,0.5,1691.2226,0.5,1685.768,18
595,883,24.0,151.6643,23.9362,150.4169,9
596,884,0.5109,57.6584,0.5109,57.6489,9
597,888,12.0,142.177,11.984,141.0376,9
598,889,4.0,159.88,3.9982,158.9276,9
599,890,0.6667,83.2917,0.6666,83.1828,9
600,891,0.5,2051.8211,0.5,2033.7365,18
601,893,24.0,1236.9683,24.0642,1226.9472,14
602,895,0.8276,69.7236,0.8277,69.7143,9
603,897,24.0,517.495,23.9362,513.6445,0
604,898,0.5,67.2012,0.5,67.1713,9
605,899,0.5,2613.5753,0.5,2589.6563,7
606,900,24.0,292.8728,24.0642,290.2785,0
607,902,0.5455,36.0739,0.5454,36.0142,9
608,903,24.0,118.3358,23.9362,117.2617,9
609,904,24.0,6341.5989,23.9362,6284.4883,3
610,905,24.0,208.8109,23.9362,207.0122,9
611,906,2.0,327.9595,1.9996,327.6178,0
612,907,24.0,158.9555,23.9362,157.5047,9
613,910,1.3333,1782.8792,1.3335,1777.2121,18
614,911,1.6,197.6913,1.6003,197.0967,9
615,912,0.5106,159.4029,0.5106,158.4852,9
616,915,24.0,160.5883,24.0642,159.9979,9
617,917,0.5865,50.9345,0.5865,50.9321,9
618,918,24.0,178.1081,24.0642,176.4849,9
619,921,0.5,6139.3643,0.5,6135.6707,3
620,925,24.0,262.44,24.0642,260.7228,9
621,927,24.0,5561.7719,23.9362,5525.4344,16
622,931,0.5106,36.528,0.5106,36.5239,9
623,932,0.5535,36.0318,0.5535,36.0302,9
624,934,0.5455,253.0169,0.5454,252.6675,9
625,935,0.6667,308.1,0.6666,307.1277,0
626,936,24.0,272.6382,23.9362,270.7128,9
627,938,0.5428,24.3371,0.5428,24.3339,9
628,939,0.6668,70.9969,0.6667,70.9735,9
629,940,8.0,371.453,8.0071,369.9734,0
630,941,12.0,219.8049,12.016,218.27,9
631,943,0.5582,198.5709,0.5581,198.4961,9
632,944,0.5,536.465,0.5,533.1453,0
633,945,0.8819,321.5611,0.882,320.7522,0
634,946,0.5332,26.8808,0.5332,26.8667,9
635,948,0.5357,25.0947,0.5357,25.0924,9
636,952,24.0,61.2396,24.0642,60.7414,9
637,954,0.5184,26.395,0.5184,26.3907,9
638,955,24.0,509.2285,23.9362,504.7574,0
639,957,12.0,36.6189,12.016,36.3715,9
640,958,0.6666,38.4342,0.6666,38.433,9
641,961,24.0,291.4484,23.9362,289.2547,0
642,963,0.7559,76.6682,0.7558,76.6438,9
643,964,24.0,821.3109,24.0642,814.7041,14
644,966,1.1998,111.3132,1.2,111.2888,9
645,967,0.5011,32.698,0.5011,32.692,9
646,969,24.0,240.3007,24.0642,238.3086,9
647,973,24.0,49.9464,23.9362,49.5152,9
648,977,24.0,1124.6339,23.9362,1116.4833,14
649,978,24.0,123.4366,23.9362,122.5058,9
650,986,24.0,1858.7343,24.0642,1846.0317,18
651,987,24.0,127.5799,23.9362,126.4961,9
652,988,4.1379,631.1314,4.1398,631.1112,0
653,991,0.5333,207.1513,0.5334,206.3045,9
654,992,0.8892,275.3438,0.8892,275.2993,9
655,993,24.0,54.873,23.9362,54.4027,9
656,994,24.0,172.7436,24.0642,171.2107,9
657,995,0.5425,56.4647,0.5425,56.4432,9
658,997,24.0,2192.5044,23.9362,2175.0963,7
659,999,24.0,988.8532,24.0642,980.2368,14
660,1001,0.5992,81.6485,0.5992,81.6459,9
661,1003,24.0,1269.9723,23.9362,1260.9021,14
662,1004,0.5,69.5982,0.5,69.5732,9
663,1005,0.584,79.3596,0.584,79.3313,9
664,1007,4.8,873.082,4.8026,867.1178,14
665,1008,0.5153,39.4606,0.5153,39.4524,9
666,1009,24.0,62.6847,23.9362,62.1257,9
667,1010,24.0,762.1683,24.0642,756.2977,14
668,1014,0.5218,21.3294,0.5218,21.2985,9
669,1015,24.0,148.8337,24.0642,147.5387,9
670,1016,24.0,149.263,24.0642,147.9624,9
671,1017,0.5106,29.6961,0.5107,29.6869,9
672,1018,24.0,1329.0598,24.0642,1318.1912,14
673,1019,0.5288,49.0087,0.5289,48.9835,9
674,1021,24.0,883.9955,24.0642,876.053,14
675,1023,24.0,205.7748,23.9362,204.0536,9
676,1024,3.0,1363.5025,2.999,1359.09,18
677,1025,0.5177,29.678,0.5178,29.6696,9
678,1028,24.0,195.3483,23.9362,193.7204,9
679,1030,0.5,909.1876,0.5,902.6283,14
680,1031,24.0,146.2682,24.0642,144.9815,9
681,1033,24.0,296.5423,23.9362,293.9874,0
682,1037,0.5101,31.6056,0.5101,31.5947,9
683,1039,24.0,79.2475,23.9362,78.6743,9
684,1040,24.0,436.8295,24.0642,432.9955,0
685,1041,12.0,142.5307,11.984,141.2623,9
686,1045,0.5831,31.6201,0.5831,31.6183,9
687,1046,0.5001,53.3477,0.5001,53.3388,9
688,1048,24.0,208.2747,24.0642,206.8289,9
689,1049,24.0,82.5952,24.0642,81.8629,9
690,1050,6.0,318.9706,6.004,316.6705,0
691,1052,12.0,60.3108,12.016,59.8805,9
692,1053,1.5,4081.1038,1.4998,4066.5103,11
693,1054,0.5854,185.6563,0.5853,185.6319,9
694,1055,24.0,72.3615,24.0642,71.7951,9
695,1056,0.5217,104.7058,0.5218,104.4302,9
696,1057,8.0,1933.5883,7.9929,1917.2772,18
697,1058,0.5099,40.1736,0.5099,40.1617,9
698,1060,24.0,636.4159,23.9362,630.8235,0
699,1062,24.0,1041.7028,24.0642,1033.0355,14
700,1063,2.6667,195.4849,6.0,195.4125,9
701,1064,24.0,763.3238,23.9362,757.7723,14
702,1065,24.0,1052.4137,23.9362,1043.1589,14
703,1066,24.0,22.433,24.0642,22.2719,9
704,1067,2.3994,1236.3199,2.4,1234.7314,14
705,1068,0.5,46.6508,0.5,46.5012,9
706,1070,8.0,327.7038,7.9929,327.5604,0
707,1071,24.0,3245.057,23.9362,3233.6464,7
708,1072,24.0,114.3122,23.9362,113.265,9
709,1073,0.8274,1111.3201,0.8274,1109.7213,14
710,1074,24.0,107.1766,24.0642,106.4406,9
711,1075,24.0,59.6899,24.0642,59.1975,9
712,1076,24.0,133.9167,24.0642,132.7455,9
713,1077,24.0,83.6228,23.9362,83.0107,9
714,1081,24.0,3105.8053,23.9362,3079.9887,7
715,1082,0.5023,48.3632,0.5023,48.3573,9
716,1083,0.5454,29.8313,0.5454,29.8116,9
717,1084,24.0,744.3218,23.9362,737.7701,14
718,1085,24.0,81.6318,23.9362,80.9459,9
719,1087,24.0,187.3253,23.9362,186.1277,9
720,1088,12.0,265.9219,12.016,263.8809,9
721,1089,24.0,527.1017,24.0642,522.6335,0
722,1091,0.5332,29.3258,0.5332,29.3224,9
723,1093,0.5,568.2409,0.5,563.2903,0
724,1094,24.0,122.329,23.9362,122.108,9
725,1096,0.5234,44.1461,0.5234,44.1343,9
726,1097,0.5222,4744.0009,0.5222,4741.791,16
727,1098,1.0,9270.0497,0.9999,9256.2602,13
728,1099,0.5672,46.9332,0.5672,46.9276,9
729,1103,12.0,171.7095,11.984,170.8925,9
730,1105,24.0,78.6799,24.0642,78.2796,9
731,1106,12.0,158.5539,11.984,157.5317,9
732,1107,0.5371,52.6044,0.5372,52.6028,9
733,1109,24.0,566.8416,24.0642,562.2241,0
734,1110,24.0,1206.1932,23.9362,1195.5855,14
735,1111,0.5143,42.043,0.5143,42.0256,9
736,1112,24.0,559.0666,24.0642,554.441,0
737,1113,0.5073,47.5187,0.5073,47.5086,9
738,1114,0.5,873.8402,0.5,866.2751,14
739,1115,0.5,385.238,0.5,382.3551,0
740,1116,0.5715,35.6866,0.5715,35.6702,9
741,1117,1.4118,191.4031,1.4998,191.2737,9
742,1118,0.5455,45.0597,0.5455,45.0293,9
743,1119,0.574,31.3659,0.574,31.3579,9
744,1121,24.0,103.2418,23.9362,102.5317,9
745,1123,0.5102,35.5233,0.5102,35.5233,9
746,1124,0.6486,32.9702,0.6486,32.9669,9
747,1125,0.6112,32.5394,0.6112,32.5338,9
748,1126,1.0,89.9328,0.9999,89.3265,9
749,1127,0.5854,57.897,0.5854,57.8439,9
750,1131,1.2,627.4038,1.1998,624.5016,0
751,1133,0.5334,23.466,0.5333,23.4643,9
752,1135,6.0,250.264,6.004,248.6373,9
753,1136,0.5451,32.0614,0.545,32.0515,9
754,1137,24.0,147.6896,24.0642,146.4693,9
755,1139,12.0,491.8736,11.984,489.267,0
756,1140,0.5,368.0472,0.5,366.4813,0
757,1141,24.0,179.4622,24.0642,177.9511,9
758,1142,4.0,80.4946,4.0018,80.0724,9
759,1144,0.5216,59.506,0.5216,59.4945,9
760,1145,24.0,130.0755,23.9362,129.2073,9
761,1146,0.5236,43.3402,0.5236,43.3383,9
762,1147,0.6,192.533,0.6,191.8103,9
763,1148,24.0,5601.6456,24.0642,5553.3071,16
764,1149,0.5217,58.1884,0.5218,58.1673,9
765,1151,0.5455,49.7333,0.5454,49.6067,9
766,1152,24.0,70.3394,23.9362,69.8043,9
767,1153,24.0,1768.3424,23.9362,1766.0363,18
768,1154,0.5406,28.8094,0.5406,28.8073,9
769,1155,0.5809,1066.9314,0.5809,1065.048,14
770,1156,0.5106,42.9284,0.5107,42.9191,9
771,1157,0.51,28.6087,0.51,28.6064,9
772,1159,24.0,186.5953,24.0642,184.9142,9
773,1161,24.0,122.7691,24.0642,121.806,9
774,1162,24.0,1126.5837,24.0642,1116.5586,14
775,1164,24.0,537.8743,24.0642,533.2192,0
776,1165,24.0,105.1067,24.0642,104.1869,9
777,1167,0.5714,269.4441,0.5715,268.8011,9
778,1168,24.0,524.7883,24.0642,521.7769,0
779,1170,24.0,108.7582,23.9362,107.8061,9
780,1172,4.0,80.1043,4.0018,79.6567,9
781,1174,1.1427,263.4637,1.1429,263.1955,9
782,1175,24.0,174.0992,24.0642,172.6864,9
783,1176,1.0001,5966.26,1.0,5960.9247,3
784,1179,24.0,545.7115,23.9362,541.0783,0
785,1180,24.0,320.8327,23.9362,318.2923,0
786,1183,1.2,437.1974,1.1998,434.4006,0
787,1184,0.5011,77.9078,0.5011,77.8736,9
788,1186,24.0,179.1039,23.9362,177.961,9
789,1187,12.0,316.4712,11.984,314.9618,0
790,1188,0.5223,34.6723,0.5223,34.6513,9
791,1189,0.5086,148.652,0.5086,148.3862,9
792,1190,0.5,39.4946,0.5,39.434,9
793,1191,24.0,172.3727,23.9362,171.39,9
794,1192,24.0,2357.6844,23.9362,2337.0736,7
795,1193,0.7495,89.551,0.7496,89.5348,9
796,1194,1.0,325.8498,1.0001,324.5497,0
797,1195,1.0,78.3268,1.0001,78.2375,9
798,1197,0.6865,40.8978,0.6866,40.8643,9
799,1199,1.0,823.5852,0.9999,816.9012,14
800,1200,1.4118,2710.2687,1.4115,2699.8289,7
801,1203,24.0,96.7754,24.0642,95.9688,9
802,1204,12.0,198.4718,11.984,197.2201,9
803,1206,24.0,33.1654,24.0642,32.8681,9
804,1208,3.4286,110.2891,3.4299,109.829,9
805,1209,8.0,209.5412,7.9929,208.3553,9
806,1210,0.5062,53.6833,0.5062,53.6697,9
807,1211,0.9599,29.0531,0.9598,29.0255,9
808,1212,24.0,572.7395,23.9362,568.0204,0
809,1213,24.0,281.9068,23.9362,279.3519,0
810,1214,0.5412,43.7355,0.5412,43.7307,9
811,1215,12.0,119.1553,11.984,118.4392,9
812,1216,24.0,106.7562,23.9362,106.7398,9
813,1217,24.0,293.0572,23.9362,290.808,0
814,1219,0.5,255.8894,0.5,253.9906,9
815,1221,1.3902,817.5354,1.39,817.2986,14
816,1222,24.0,70.08,23.9362,69.4927,9
817,1223,0.5339,101.0961,0.5339,101.0112,9
818,1224,0.5515,43.9347,0.5515,43.9211,9
819,1226,0.5075,2475.8868,0.5075,2475.6097,7
820,1228,24.0,140.5929,23.9362,139.4315,9
821,1229,0.5854,41.9791,0.5854,41.9188,9
822,1231,0.8276,267.8665,0.8275,266.0237,9
823,1232,24.0,216.6048,24.0642,214.8811,9
824,1233,0.5,29.3253,0.5,29.2813,9
825,1234,0.5453,64.356,0.5453,64.3546,9
826,1235,0.5581,32.8565,0.5581,32.8211,9
827,1237,24.0,200.3847,23.9362,198.5761,9
828,1238,0.5215,24.2062,0.5214,24.2043,9
829,1239,2.6667,41.9626,0.7273,41.8865,9
830,1240,12.0,94.3512,11.984,93.8586,9
831,1241,24.0,231.4324,23.9362,230.0267,9
832,1243,24.0,101.6066,24.0642,100.8075,9
833,1244,0.5457,163.0282,0.5457,162.9242,9
834,1245,1.0,44.1178,0.9999,43.8232,9
835,1246,0.706,99.1414,0.7059,99.1073,9
836,1249,1.0,93.2178,0.9999,92.6318,9
837,1250,24.0,82.2029,23.9362,81.4593,9
838,1251,0.5,809.2497,0.5,803.3049,14
839,1252,0.5136,36.8263,0.5136,36.8194,9
840,1253,0.5208,49.4292,0.5208,49.417,9
841,1254,12.0,106.4138,11.984,105.5295,9
842,1256,24.0,1901.4265,23.9362,1885.143,18
843,1257,24.0,48.2275,24.0642,47.7922,9
844,1259,0.96,102.9833,0.9599,102.8202,9
845,1262,1.0,700.5632,0.9999,695.7725,0
846,1263,0.53,33.8881,0.53,33.861,9
847,1264,2.6667,485.8993,2.6659,484.3301,0
848,1265,3.9336,141.8096,3.9318,141.3968,9
849,1266,1.2632,245.3682,1.2633,244.3388,9
850,1268,24.0,154.2504,24.0642,153.0444,9
851,1269,0.5224,56.9933,0.5224,56.9931,9
852,1270,0.5489,27.6306,0.5489,27.6254,9
853,1274,0.5,46.7784,0.5,46.6862,9
854,1275,24.0,174.6119,24.0642,173.1269,9
855,1276,0.9126,374.7526,0.9125,374.3365,0
856,1277,24.0,122.7561,24.0642,121.7991,9
857,1278,24.0,79.3473,23.9362,78.6555,9
858,1280,24.0,71.288,23.9362,70.9285,9
859,1281,24.0,81.1133,23.9362,80.4796,9
860,1284,1.0,377.9007,0.9999,374.9036,0
861,1287,24.0,518.4949,24.0642,514.9899,0
862,1288,0.5106,105.5079,0.5106,104.9678,9
863,1289,24.0,783.0743,23.9362,776.5634,14
864,1290,0.6487,36.4878,0.6487,36.4732,9
865,1291,0.5709,234.1205,0.571,234.1174,9
866,1292,24.0,3985.4275,24.0642,3949.8317,11
867,1293,23.9362,70.336,24.0,70.2205,9
868,1294,2.4,273.9854,2.4006,273.7453,9
869,1295,0.5083,102.3419,0.5083,102.3299,9
870,1297,2.3994,596.1617,2.4,595.8552,0
871,1298,24.0,299.4118,23.9362,296.9022,0
872,1299,24.0,381.3042,23.9362,379.5001,0
873,1300,12.0,400.6161,11.984,397.3298,0
874,1305,0.5333,800.1215,0.5333,800.0571,14
875,1306,24.0,82.3568,23.9362,81.656,9
876,1307,0.5854,28.6695,0.5854,28.6613,9
877,1309,24.0,1296.2135,23.9362,1284.4962,14
878,1313,0.5,2130.4823,0.5,2129.2077,18
879,1318,1.0,596.5111,0.9999,591.9191,0
880,1319,0.8014,146.4092,0.8015,146.3984,9
881,1320,24.0,153.0583,24.0642,151.8191,9
882,1321,24.0,1204.5292,24.0642,1196.4837,14
883,1322,0.5,62.0312,0.5,61.8425,9
884,1323,0.5055,32.4694,0.5055,32.464,9
885,1324,1.0,178.2581,0.9999,177.1582,9
886,1325,1.0909,538.7799,1.2632,537.3251,0
887,1326,24.0,438.6372,23.9362,435.5356,0
888,1327,6.0,137.9155,5.996,136.8604,9
889,1329,0.5098,36.979,0.5098,36.972,9
890,1330,24.0,347.7371,23.9362,344.7934,0
891,1332,0.5263,39.1791,0.5263,39.1541,9
892,1333,12.0,110.903,12.016,110.3223,9
893,1336,0.6125,38.0531,0.6124,38.0441,9
894,1337,0.8335,11843.5672,0.8334,11820.8255,5
895,1338,0.8334,17407.2283,0.8333,17398.601,8
896,1340,3.0,3950.5049,2.999,3940.4983,11
897,1342,0.5195,3126.6863,0.5195,3126.6017,7
898,1343,24.0,70.9174,23.9362,70.7635,9
899,1344,1.6,120.6257,1.6003,120.255,9
900,1345,0.5482,39.6702,0.5481,39.6437,9
901,1346,24.0,387.7714,24.0642,385.4288,0
902,1347,0.6666,63.0145,0.6667,63.0023,9
903,1348,2.0,872.023,1.9996,870.1091,14
904,1349,0.5106,50.2607,0.5106,50.2109,9
905,1350,24.0,345.8383,24.0642,343.605,0
906,1351,24.0,1152.5891,24.0642,1142.5225,14
907,1352,24.0,1431.7831,23.9362,1420.4573,18
908,1353,24.0,1380.0205,24.0642,1367.9087,18
909,1354,24.0,101.254,24.0642,100.439,9
910,1356,24.0,156.7354,23.9362,155.4541,9
911,1358,24.0,854.755,23.9362,847.328,14
912,1359,0.6269,400.954,0.6617,400.6515,0
913,1360,8.0,1842.6169,7.9929,1828.5315,18
914,1361,1.1971,69.6155,1.197,69.5699,9
915,1362,0.5,39.2751,0.5,39.2204,9
916,1363,24.0,285.6149,23.9362,283.1568,0
917,1364,24.0,85.8001,24.0642,85.0329,9
918,1368,2.0,2293.4282,1.9996,2291.9844,7
919,1369,0.5106,44.3984,0.5106,44.349,9
920,1370,0.96,318.628,0.9601,316.8253,0
921,1374,0.5,34.1582,0.5,34.1271,9
922,1375,0.8571,2583.8228,0.8571,2577.2695,7
923,1376,24.0,37.7829,23.9362,37.4706,9
924,1378,4.8,408.9221,4.7974,406.5612,0
925,1379,24.0,49.8503,23.9362,49.4338,9
926,1380,1.0,622.5983,1.0001,619.3924,0
927,1381,6.0,239.862,6.004,238.9218,9
928,1382,24.0,344.3622,23.9362,341.4358,0
929,1383,0.5537,25.0821,0.5536,25.0812,9
930,1388,0.5,1251.7686,0.5,1240.8192,14
931,1389,24.0,955.1613,24.0642,946.5052,14
932,1390,24.0,111.6094,24.0642,110.7178,9
933,1391,24.0,109.1715,23.9362,108.2644,9
934,1392,0.5118,275.4093,0.5118,275.3974,9
935,1393,0.6316,51.1701,0.6316,51.1694,9
936,1395,1.5,430.2905,1.4998,427.9871,0
937,1398,24.0,149.7024,23.9362,148.3824,9
938,1399,0.6665,19.6421,0.6664,19.6256,9
939,1403,0.5,366.4924,0.5,365.3334,0
940,1405,24.0,117.7958,23.9362,116.9095,9
941,1407,12.0,38.9827,12.016,38.7405,9
942,1411,24.0,440.5329,23.9362,436.6162,0
943,1412,0.5111,36.1646,0.5111,36.1332,9
944,1413,24.0,28.014,24.0642,27.824,9
945,1414,24.0,236.7202,24.0642,234.7468,9
946,1415,1.2632,1544.1561,1.2633,1535.877,18
947,1418,0.5101,253.9398,0.5101,253.8639,9
948,1420,3.4286,984.6543,3.4273,980.2154,14
949,1421,24.0,1058.9146,24.0642,1049.234,14
950,1422,24.0,827.2197,23.9362,820.2552,14
951,1423,24.0,751.2424,23.9362,744.7559,14
952,1424,24.0,103.061,24.0642,102.1594,9
953,1425,24.0,378.4386,23.9362,375.1959,0
954,1427,24.0,130.7049,23.9362,129.636,9
955,1428,24.0,373.8358,24.0642,370.4991,0
956,1430,24.0,293.166,24.0642,290.8437,0
957,1431,24.0,714.1375,23.9362,707.9501,0
958,1432,24.0,96.7423,23.9362,96.6255,9
959,1433,5.996,1008.5992,6.0,1005.7914,14
960,1434,8.0,68.088,7.9929,68.0133,9
961,1436,1.8462,2339.5002,1.8465,2333.4631,7
962,1439,0.9861,94.6038,0.986,94.5623,9
963,1440,1.2633,1699.4183,1.2632,1698.806,18
964,1441,1.5674,65.0022,1.5671,64.9623,9
965,1443,1.0,435.2538,1.0001,431.7695,0
966,1444,24.0,132.1668,24.0642,131.2749,9
967,1445,24.0,701.6844,23.9362,695.5777,0
968,1446,1.9048,230.9144,1.9052,230.9078,9
969,1447,24.0,4062.6373,23.9362,4025.4976,11
970,1448,1.0,191.3488,0.9999,189.9727,9
971,1449,24.0,37.8486,23.9362,37.55,9
972,1450,1.8465,189.367,1.8469,189.0489,9
973,1451,8.0,264.7408,8.0071,263.2614,9
974,1452,24.0,71.663,24.0642,71.1623,9
975,1453,24.0,198.9118,23.9362,197.0947,9
976,1454,24.0,310.3456,24.0642,307.5412,0
977,1456,0.8797,109.2167,0.8798,109.2061,9
978,1458,0.5,32.6754,0.5,32.5899,9
979,1460,12.0,110.1256,11.984,109.2781,9
980,1463,0.5802,33.6056,0.5802,33.5932,9
981,1465,0.7058,41.6405,0.7059,41.6393,9
982,1467,24.0,64.0071,23.9362,63.4423,9
983,1470,24.0,126.6209,24.0642,125.4885,9
984,1472,1.2,364.0603,1.2002,361.7684,0
985,1474,0.5031,43.4388,0.5031,43.4305,9
986,1476,24.0,93.272,23.9362,92.4436,9
987,1477,12.0,133.6071,11.984,132.8513,9
988,1478,24.0,136.0287,24.0642,134.8289,9
989,1482,2.1818,207.1413,2.4,207.0744,9
990,1485,24.0,86.8377,24.0642,86.1225,9
991,1488,0.5298,25.729,0.5298,25.724,9
992,1492,0.5,95.0792,0.5,95.0606,9
993,1493,0.5,2614.1149,0.5,2591.2583,7
994,1494,0.6322,45.8153,0.6322,45.8141,9
995,1495,24.0,4275.8694,24.0642,4248.0745,11
996,1496,24.0,298.8892,23.9362,296.1689,0
997,1497,24.0,131.7574,24.0642,130.7537,9
998,1498,24.0,60.1253,23.9362,59.5832,9
999,1500,7.9929,516.2555,8.0,514.5429,0
1000,1501,24.0,149.4097,24.0642,148.1238,9
1001,1503,1.6,258.0876,1.6003,257.1901,9
1002,1505,0.5714,48.1658,0.5714,48.1595,9
1003,1507,24.0,182.3241,24.0642,180.7743,9
1004,1508,24.0,352.1541,23.9362,348.9854,0
1005,1510,12.0,81.4274,12.016,80.9635,9
1006,1512,0.5714,128.9464,0.5715,128.3889,9
1007,1514,24.0,558.0597,24.0642,553.6649,0
1008,1517,0.5414,70.1359,0.5414,70.1222,9
1009,1521,1.3337,38631.2433,1.3339,38627.6393,12
1010,1522,1.5003,284.8699,1.5005,284.5263,0
1011,1523,0.5106,134.4521,0.5107,134.0347,9
1012,1524,2.4,4106.2934,2.4006,4096.8078,11
1013,1526,1.2002,190.0414,1.2,189.9886,9
1014,1527,3.9982,130.3659,4.0,130.3054,9
1015,1528,24.0,480.5206,23.9362,476.1383,0
1016,1529,0.5,1385.7127,0.5,1375.4227,18
1017,1530,1.0909,53.2131,1.091,52.8882,9
1018,1531,24.0,70.5252,23.9362,69.9421,9
1019,1532,24.0,133.6396,23.9362,132.5751,9
1020,1533,24.0,130.4621,23.9362,129.4186,9
1021,1534,24.0,108.2589,24.0642,107.3016,9
1022,1535,12.0,582.4463,11.984,578.3681,0
1023,1536,0.5198,200.3026,0.5198,200.2169,9
1024,1537,24.0,59.6394,23.9362,59.0995,9
1025,1538,0.5455,41.1112,0.5455,41.0959,9
1026,1539,0.5,6150.7467,0.5,6095.7849,3
1027,1541,0.5,38.4681,0.5,38.4482,9
1028,1546,6.0,63.4863,5.996,63.4547,9
1029,1548,1.9996,31804.6435,2.0,31798.6069,2
1030,1550,24.0,259.568,24.0642,257.9795,9
1031,1551,24.0,2725.6792,23.9362,2702.7225,7
1032,1553,0.5217,41.3728,0.5217,41.372,9
1033,1554,1.2,141.6445,1.2002,141.2627,9
1034,1555,0.5107,43.9398,0.5106,43.9265,9
1035,1557,0.5,1714.5435,0.5,1703.3281,18
1036,1558,0.5454,47.4603,0.5454,47.4581,9
1037,1560,0.5597,44.0274,0.5596,44.0171,9
1038,1561,24.0,379.2542,24.0642,375.8603,0
1039,1562,24.0,198.3598,23.9362,197.6799,9
1040,1564,12.0,5473.396,12.016,5429.8468,16
1041,1566,24.0,345.8024,23.9362,343.1849,0
1042,1568,0.6666,305.067,0.6667,304.4966,0
1043,1570,24.0,45.1293,23.9362,44.7726,9
1044,1571,24.0,764.7936,24.0642,760.4139,14
1045,1572,24.0,771.9902,23.9362,765.7244,14
1046,1573,24.0,58.5412,24.0642,58.061,9
1047,1574,24.0,230.8486,23.9362,228.9219,9
1048,1578,1.6,3661.0334,1.6003,3653.3642,11
1049,1579,0.6172,24.1914,0.6173,24.1796,9
1050,1580,24.0,93.7495,23.9362,93.1976,9
1051,1581,1.5,796.3874,1.5003,793.8111,14
1052,1583,0.5217,45.9832,0.5217,45.9742,9
1053,1584,3.4286,1866.0515,3.4273,1857.6867,18
1054,1586,24.0,70.9037,24.0642,70.3013,9
1055,1587,24.0,370.9562,23.9362,367.855,0
1056,1588,24.0,143.7568,24.0642,142.9999,9
1057,1589,24.0,136.9515,23.9362,136.0225,9
1058,1590,24.0,1770.11,23.9362,1756.4369,18
1059,1592,24.0,1267.3837,24.0642,1257.0799,14
1060,1593,24.0,452.3988,24.0642,448.5344,0
1061,1595,0.5,37.746,0.5,37.6942,9
1062,1596,24.0,88.8002,24.0642,88.0518,9
1063,1597,24.0,922.6999,24.0642,914.5643,14
1064,1598,0.522,34.1883,0.522,34.1767,9
1065,1599,0.5,30.6069,0.5,30.5473,9
1066,1600,0.5186,29.6797,0.5186,29.6444,9
1067,1602,24.0,6298.9973,24.0642,6249.7267,3
1068,1603,24.0,250.9192,23.9362,248.6481,9
1069,1607,24.0,544.6853,23.9362,539.9249,0
1070,1609,24.0,333.9743,23.9362,331.5116,0
1071,1610,24.0,327.533,23.9362,324.6573,0
1072,1611,24.0,693.3843,23.9362,687.4136,0
1073,1612,24.0,166.8958,23.9362,165.4744,9
1074,1613,24.0,361.479,23.9362,358.3137,0
1075,1615,24.0,190.3555,23.9362,188.6939,9
1076,1618,24.0,257.6711,24.0642,255.7485,9
1077,1621,6.0,105.572,5.996,105.2694,9
1078,1623,24.0,3410.4061,24.0642,3380.5985,11
1079,1625,24.0,27.6648,24.0642,27.4319,9
1080,1626,0.5104,32.9236,0.5104,32.9201,9
1081,1627,24.0,1524.3042,24.0642,1511.0759,18
1082,1630,24.0,93.8452,23.9362,93.149,9
1083,1631,0.6151,33.1719,0.6151,33.1524,9
1084,1632,0.5354,28.0273,0.5355,28.022,9
1085,1633,0.6317,83.2309,0.6316,82.9852,9
1086,1634,24.0,462.0081,24.0642,458.4497,0
1087,1635,1.2633,68.7582,1.2635,68.7567,9
1088,1636,24.0,45.0267,24.0642,44.6445,9
1089,1638,3.483,335.1426,3.4816,335.1075,0
1090,1641,24.0,1073.6756,24.0642,1064.1889,14
1091,1642,0.525,35.778,0.5251,35.7569,9
1092,1643,24.0,122.8847,23.9362,121.8331,9
1093,1644,0.5,70817.8692,0.5,70549.2975,10
1094,1645,0.5,758.0812,0.5,756.0977,14
1095,1646,24.0,353.6661,24.0642,350.7634,0
1096,1647,24.0,372.6788,23.9362,369.4372,0
1097,1648,24.0,968.062,23.9362,959.6234,14
1098,1650,0.5333,31.1915,0.5333,31.1864,9
1099,1651,24.0,479.5981,24.0642,475.7893,0
1100,1654,0.5566,76.4655,0.5566,76.418,9
1101,1655,24.0,173.8877,23.9362,172.3058,9
1102,1656,24.0,239.1864,24.0642,237.1639,9
1103,1658,12.0,780.2933,11.984,774.8055,14
1104,1659,24.0,409.7662,23.9362,406.16,0
1105,1662,1.0,22071.6721,0.9999,21942.5036,15
1106,1663,0.5103,196.8763,0.5103,196.6806,9
1107,1665,24.0,278.4408,23.9362,276.6661,0
1108,1668,0.5108,31.3151,0.5108,31.3104,9
1109,1669,0.5344,38.9551,0.5343,38.944,9
1110,1673,1.1427,108.813,1.1429,108.6573,9
1111,1674,0.522,37.725,0.522,37.704,9
1112,1676,0.5454,40.7283,0.5454,40.7056,9
1113,1677,24.0,1110.9863,23.9362,1102.3887,14
1114,1679,24.0,93.9723,23.9362,93.7173,9
1115,1681,8.0,587044.6669,8.0071,582101.1704,1
1116,1682,1.3333,539.1434,1.3335,538.8565,0
1117,1683,24.0,1018.919,24.0642,1009.791,14
1118,1684,12.0,718.7032,11.984,713.165,14
1119,1685,24.0,642.9919,23.9362,637.1259,0
1120,1686,1.1617,444.8795,1.1616,444.611,0
1121,1688,0.5013,32.1542,0.5013,32.1325,9
1122,1690,0.5,320.3232,0.5,317.5577,0
1123,1691,0.5022,33.2224,0.5022,33.2148,9
1124,1692,0.6667,66.2234,0.6666,66.0818,9
1125,1693,0.5714,46.185,0.5714,46.1257,9
1126,1694,24.0,133.3522,24.0642,132.1923,9
1127,1696,0.8,28559.8742,0.7999,28419.1555,2
1128,1697,0.5106,71.524,0.5106,71.5116,9
1129,1698,24.0,60.7208,24.0642,60.2316,9
1130,1701,24.0,796.5967,24.0642,790.3469,14
1131,1702,24.0,52.5932,24.0642,52.1198,9
1132,1704,24.0,341.6825,23.9362,338.6092,0
1133,1705,0.5334,140.6395,0.5333,139.919,9
1134,1706,24.0,62.2678,24.0642,61.7212,9
1135,1707,24.0,170.0299,23.9362,168.793,9
1136,1708,0.5645,25.571,0.5645,25.5669,9
1137,1710,0.8,23.3273,0.7999,23.3128,9
1138,1711,24.0,931.5705,24.0642,924.6904,14
1139,1713,24.0,234.2715,23.9362,232.3367,9
1140,1714,2.5316,1064.1,2.5309,1063.7226,14
1141,1716,0.5,80.1483,0.5,79.8291,9
1142,1717,0.6132,44.5339,0.6131,44.4869,9
1143,1718,24.0,47.878,24.0642,47.518,9
1144,1719,0.8276,2444.507,0.8275,2440.4791,7
1145,1720,24.0,294.3274,23.9362,291.7133,0
1146,1721,0.5,43.8641,0.5,43.7959,9
1147,1723,0.6409,351.6446,0.6409,351.5403,0
1148,1724,0.5115,35.2979,0.5116,35.2948,9
1149,1727,0.5104,45.2445,0.5103,45.2293,9
1150,1728,0.5079,37.8904,0.5078,37.881,9
1151,1730,0.5,752.869,0.5,747.6354,14
1152,1731,24.0,4724.9945,23.9362,4684.3213,16
1153,1732,0.569,24.5349,0.569,24.5348,9
1154,1733,1.0,1814.164,0.9999,1805.0338,18
1155,1736,3.0,46929.9063,2.999,46733.1876,6
1156,1737,0.5217,40.0954,0.5217,40.0592,9
1157,1738,24.0,144.3066,23.9362,143.0232,9
1158,1742,0.5455,35.0731,0.5455,35.0122,9
1159,1746,24.0,123.6831,24.0642,122.7205,9
1160,1747,0.5579,479.0658,0.5579,478.9721,0
1161,1748,24.0,46.5981,24.0642,46.2087,9
1162,1750,24.0,149.8357,23.9362,148.5704,9
1163,1751,24.0,60.7031,23.9362,60.2261,9
1164,1752,24.0,778.5357,23.9362,771.6952,14
1165,1753,24.0,684.1029,24.0642,679.1486,0
1166,1754,24.0,180.9825,23.9362,179.3632,9
1167,1755,2.0,208.812,2.0004,207.9075,9
1168,1757,24.0,162.043,24.0642,160.6049,9
1169,1758,24.0,66.443,24.0642,65.9524,9
1170,1760,24.0,114.0179,23.9362,112.9947,9
1171,1761,24.0,154.0892,24.0642,152.9619,9
1172,1762,3.0,257.3804,2.999,256.5467,9
1173,1763,0.5,1502.1563,0.5,1494.7278,18
1174,1764,1.004,1221.0392,1.0041,1220.7261,14
1175,1765,24.0,498.0949,24.0642,494.1578,0
1176,1766,0.5429,113.6193,0.5429,113.5792,9
1177,1767,0.5,186.5344,0.5,185.145,9
1178,1768,24.0,209.2267,23.9362,207.5708,9
1179,1769,24.0,374.3442,23.9362,371.5792,0
1180,1770,24.0,132.8093,24.0642,131.9086,9
1181,1771,24.0,288.8081,23.9362,286.2552,0
1182,1773,24.0,194.4112,23.9362,192.6623,9
1183,1776,24.0,360.9054,6.0,360.1242,0
1184,1777,0.554,27.3565,0.5541,27.352,9
1185,1780,24.0,58.5498,24.0642,58.0314,9
1186,1781,0.5,168.7443,0.5,168.4012,9
1187,1782,2.0,255.1353,1.9996,254.3737,9
1188,1788,24.0,550.311,23.9362,548.8505,0
1189,1789,12.0,340.0679,12.016,337.208,0
1190,1790,24.0,399.7488,23.9362,396.1788,0
1191,1794,24.0,93.6292,23.9362,92.809,9
1192,1796,24.0,181.8249,24.0642,180.2268,9
1193,1797,24.0,1926.3003,23.9362,1909.2854,18
1194,1799,24.0,395.7642,24.0642,392.4552,0
1195,1800,12.0,94.8961,11.984,94.4358,9
1196,1801,24.0,197.6757,23.9362,195.8871,9
1197,1804,0.5959,19.3083,0.5959,19.3045,9
1198,1805,0.5122,1483.5509,0.5122,1483.3352,18
1199,1806,0.559,53.6002,0.559,53.5812,9
1200,1807,1.0,451.0484,0.9999,447.5953,0
1201,1810,0.5,125.9456,0.5,125.8139,9
1202,1811,6.0,203.3177,6.004,202.3264,9
1203,1812,0.5334,39.6746,0.5334,39.6632,9
1204,1813,24.0,182.109,24.0642,181.1943,9
1205,1815,6.0,308.9531,6.004,307.2509,0
1206,1817,0.9997,2212.0267,0.9998,2209.3612,7
1207,1818,24.0,229.5481,24.0642,227.6234,9
1208,1820,0.5,38.5592,0.5,38.5375,9
1209,1821,6.0,2565.3609,6.004,2550.9581,7
1210,1822,1.0,355.0495,1.0001,352.0127,0
1211,1823,24.0,1606.012,24.0642,1591.6635,18
1212,1824,24.0,148.6232,23.9362,147.3239,9
1213,1826,0.8573,480.8392,0.8572,480.4117,0
1214,1827,6.0,533.006,6.004,529.145,0
1215,1828,0.5089,32.287,0.5089,32.2854,9
1216,1829,4.8,65.7454,4.7974,65.433,9
1217,1830,24.0,223.4644,24.0642,221.4849,9
1218,1831,24.0,149.8595,23.9362,148.5853,9
1219,1833,24.0,162.4823,23.9362,161.0318,9
1220,1834,0.8052,176.2602,0.8051,176.2137,9
1221,1835,24.0,221.9206,23.9362,219.9225,9
1222,1836,0.8,426.4048,0.7999,424.5285,0
1223,1838,24.0,76.345,23.9362,75.7352,9
1224,1840,0.5714,37.1121,0.5714,37.0604,9
1225,1841,1.0,602.8876,0.9999,598.0607,0
1226,1842,24.0,145.3481,24.0642,144.2259,9
1227,1845,8.0,356.532,7.9929,354.5653,0
1228,1846,24.0,168.9141,24.0642,167.4872,9
1229,1847,2.4,307.9717,2.4006,306.8628,0
1230,1848,24.0,86.6753,23.9362,86.0163,9
1231,1849,11.984,86.3617,11.9681,86.338,9
1232,1850,0.5091,189.6751,0.5091,189.5872,9
1233,1851,24.0,634.3141,23.9362,629.0298,0
1234,1852,24.0,538.2729,23.9362,534.0518,0
1235,1853,0.5,1579.3577,0.5,1565.5892,18
1236,1854,0.5455,163.5381,0.5455,162.7929,9
1237,1857,0.5581,123.3849,0.5581,123.0303,9
1238,1858,0.5581,48.429,0.5581,48.3009,9
1239,1859,0.5,57.9034,0.5,57.8044,9
1240,1860,0.5843,26.7589,0.5842,26.743,9
1241,1862,0.5334,64.4266,0.5333,64.392,9
1242,1863,0.508,39.0941,0.508,39.0702,9
1243,1864,0.5217,29.9047,0.5217,29.7642,9
1244,1865,24.0,590.1418,23.9362,584.8532,0
1245,1867,8.0,1813.1261,7.9929,1799.0049,18
1246,1869,24.0,1816.5111,24.0642,1801.4948,18
1247,1875,12.0,178.2523,11.984,176.8895,9
1248,1876,0.5487,24.4273,0.5488,24.4195,9
1249,1877,0.62,273.6516,0.62,273.5539,9
1250,1878,24.0,45.2116,23.9362,44.8849,9
1251,1880,24.0,1928.0671,23.9362,1910.6827,18
1252,1881,24.0,912.629,24.0642,905.4435,14
1253,1882,24.0,484.0737,24.0642,479.7582,0
1254,1884,24.0,1114.6073,24.0642,1104.7603,14
1255,1885,1.1831,116.1708,1.1833,116.1021,9
1256,1886,24.0,128.4258,23.9362,127.5058,9
1257,1887,24.0,36.1484,24.0642,35.9102,9
1258,1888,1.5003,693.7174,1.5,693.0392,0
1259,1890,24.0,210.05,23.9362,208.3664,9
1260,1891,0.5013,572.6718,0.5013,572.6606,0
1261,1892,0.5854,243.8658,0.5854,243.5375,9
1262,1894,12.0,246.9063,12.016,245.5113,9
1263,1895,0.5263,83.7494,0.5263,83.7412,9
1264,1897,24.0,112.4767,23.9362,111.5462,9
1265,1898,0.5091,1437.0191,0.5091,1436.6521,18
1266,1900,12.0,249.311,11.984,247.103,9
1267,1902,24.0,141.7017,24.0642,140.6225,9
1268,1903,0.5277,25.3995,0.5276,25.3967,9
1269,1905,24.0,57.64,23.9362,57.1697,9
1270,1906,0.6667,672.9264,0.6667,670.7247,0
1271,1908,0.5673,53.0968,0.5672,53.095,9
1272,1910,8.0,62.5348,7.9929,62.3104,9
1273,1911,0.6415,30.0466,0.6416,30.046,9
1274,1912,12.0,5088.059,11.984,5044.1065,16
1275,1918,0.5217,59.6258,0.5217,59.5992,9
1276,1919,0.5453,38.8374,0.5453,38.8128,9
1277,1920,24.0,312.0998,23.9362,310.356,0
1278,1923,0.5032,32.9966,0.5032,32.9897,9
1279,1924,24.0,117.7808,24.0642,116.8655,9
1280,1925,0.5918,17.1441,0.5918,17.1269,9
1281,1927,24.0,106.2348,23.9362,105.5096,9
1282,1928,0.9999,111.8634,1.0,111.5933,9
1283,1929,12.0,56.3657,11.984,55.9038,9
1284,1930,12.0,962.5953,11.984,955.5782,14
1285,1933,0.5504,126.2263,0.5505,126.1682,9
1286,1934,8.0,35.1724,8.0071,34.9376,9
1287,1935,1.5008,153.1593,1.5005,153.1096,9
1288,1936,0.6486,35.4075,0.6486,35.3512,9
1289,1941,0.5218,53.8548,0.5217,53.8281,9
1290,1942,0.7557,53.2366,0.7558,53.2123,9
1291,1943,4.8,1347.6708,4.8026,1341.4436,18
1292,1945,0.6154,96.8832,0.6154,96.5936,9
1293,1946,24.0,2160.878,23.9362,2141.4204,18
1294,1948,0.5106,42.4742,0.5106,42.4239,9
1295,1949,24.0,258.1215,23.9362,256.0741,9
1296,1951,6.0,83.8687,6.004,83.6003,9
1297,1952,1.7143,1179.0009,1.7146,1175.2846,14
1298,1953,24.0,2305.269,24.0642,2286.4082,7
1299,1954,1.0165,933.0583,1.0166,932.9417,14
1300,1955,24.0,76.5508,23.9362,75.876,9
1301,1956,1.4113,77.6623,1.4111,77.6219,9
1302,1957,24.0,67.1439,23.9362,66.6134,9
1303,1959,0.5,5605.4624,0.5,5574.1163,16
1304,1960,24.0,354.7709,24.0642,351.8549,0
1305,1961,0.8276,208.4175,0.8277,206.939,9
1306,1962,24.0,182.0218,24.0642,180.4762,9
1307,1964,24.0,111.1804,23.9362,110.4586,9
1308,1967,0.5232,51.8463,0.5233,51.8259,9
1309,1968,0.5,3950.0735,0.5,3916.8848,11
1310,1969,12.0,183.0371,11.984,181.5026,9
1311,1970,1.0435,3869.7554,0.5107,3866.3906,11
1312,1971,24.0,185.0749,23.9362,183.4065,9
1313,1973,0.5904,32.6664,0.5904,32.6601,9
1314,1974,24.0,170.5701,23.9362,169.0442,9
1315,1977,24.0,138.1488,23.9362,137.0612,9
1316,1982,24.0,48.2422,23.9362,47.9269,9
1317,1985,24.0,1299.1091,23.9362,1291.4877,14
1318,1987,2.0,223.2177,2.0004,222.5169,9
1319,1988,24.0,4593.0005,23.9362,4557.0053,16
1320,1989,0.5,64.6915,0.5,64.3847,9
1321,1990,1.8036,8064.615,1.804,8063.9999,13
1322,1991,24.0,106.005,23.9362,105.1264,9
1323,1992,24.0,398.0556,24.0642,394.7615,0
1324,1995,0.6667,601.6767,0.6666,600.3226,0
1325,1996,24.0,103.0365,24.0642,102.2945,9
1326,1997,0.8571,273.7799,0.8571,272.369,9
1327,1999,12.0,704.1371,12.016,699.2264,0
1328,2000,24.0,614.8188,24.0642,609.6479,0
1329,2001,0.8276,64.7909,0.8275,64.688,9
1330,2002,0.5312,86.8202,0.5312,86.8198,9
1331,2003,24.0,197.793,24.0642,196.0973,9
1332,2004,0.5,1613.8077,0.5,1600.7822,18
1333,2005,24.0,79.4744,24.0642,78.7779,9
1334,2006,24.0,131.1419,24.0642,130.0486,9
1335,2007,0.5106,41.4942,0.5106,41.4804,9
1336,2008,8.0,314.7698,7.9929,313.9609,0
1337,2009,0.588,65.078,0.588,65.0652,9
1338,2011,0.6316,34.6899,0.6315,34.6816,9
1339,2012,0.5171,906.7447,0.5171,906.5584,14
1340,2013,24.0,42.9119,24.0642,42.5345,9
1341,2014,0.96,130.7218,0.9599,130.1794,9
1342,2016,2.0009,1092.5251,2.0013,1091.6148,14
1343,2017,24.0,203.9923,24.0642,202.5345,9
1344,2018,1.0,520.6646,0.9999,516.0554,0
1345,2020,24.0,1052.17,23.9362,1043.9558,14
1346,2023,0.5382,63.8133,0.5382,63.8078,9
1347,2025,24.0,128.5895,23.9362,127.7737,9
1348,2026,0.5582,60.8925,0.5582,60.8626,9
1349,2029,24.0,1994.6537,23.9362,1978.3139,18
1350,2031,1.0,290.9016,0.9999,288.5632,0
1351,2032,24.0,102.6215,23.9362,101.7764,9
1352,2035,24.0,315.8314,23.9362,313.037,0
1353,2039,24.0,76.4173,24.0642,75.7391,9
1354,2040,0.5008,46.7622,0.5008,46.7419,9
1355,2044,12.0,133.67,11.984,132.6893,9
1356,2047,24.0,165.8881,23.9362,164.4543,9
1357,2048,24.0,5296.2176,23.9362,5249.5941,16
1358,2049,0.6851,119.3811,0.6851,119.2996,9
1359,2050,0.8889,638.7623,0.8888,634.1785,0
1360,2051,0.5859,31.2576,0.5859,31.2538,9
1361,2056,0.6633,162.2017,0.6632,162.2,9
1362,2057,0.5213,38.4585,0.5214,38.4578,9
1363,2058,24.0,40.094,23.9362,39.7329,9
1364,2059,0.5954,455.7485,0.5954,453.6825,0
1365,2060,24.0,208.1186,23.9362,206.2579,9
1366,2061,0.5455,1030.9893,0.5454,1024.5191,14
1367,2062,24.0,83.0767,23.9362,82.3586,9
1368,2063,1.0,659.7004,0.9999,654.3018,0
1369,2064,0.7501,53.1576,0.7501,53.0781,9
1370,2065,0.521,31.0281,0.521,31.0263,9
1371,2066,0.5455,33.5266,0.5455,33.47,9
1372,2068,24.0,95.0908,24.0642,94.5515,9
1373,2069,24.0,51.3486,24.0642,50.91,9
1374,2070,1.0,5352.8026,1.0001,5314.6874,16
1375,2071,0.5106,39.7242,0.5106,39.6859,9
1376,2072,24.0,130.5896,24.0642,129.6846,9
1377,2074,24.0,340.0048,23.9362,337.184,0
1378,2078,0.5,917.9599,0.5,909.8947,14
1379,2079,1.0,50.2026,0.9999,49.8856,9
1380,2080,0.5581,33.9412,0.5582,33.9311,9
1381,2081,24.0,188.3035,24.0642,186.6087,9
1382,2082,24.0,1136.3585,23.9362,1127.3824,14
1383,2083,8.0,65.0547,8.0071,64.7107,9
1384,2084,1.0,760.2479,1.0001,758.9593,14
1385,2086,24.0,57.357,24.0642,56.9268,9
1386,2087,24.0,284.0307,23.9362,282.0543,0
1387,2088,24.0,69.6782,23.9362,69.1008,9
1388,2089,0.6317,31.4646,0.6317,31.4503,9
1389,2090,12.0,268.6178,11.984,266.9186,9
1390,2092,24.0,47.0367,23.9362,46.7389,9
1391,2093,24.0,71.5888,23.9362,71.1207,9
1392,2094,1.1055,168.8992,1.1057,168.8811,9
1393,2096,24.0,2316.4965,23.9362,2297.9076,7
1394,2098,24.0,60.7105,24.0642,60.2673,9
1395,2099,1.0,81.9294,0.9999,81.3452,9
1396,2100,1.6544,78.1149,1.6541,78.1141,9
1397,2101,0.5611,28.2555,0.5612,28.2513,9
1398,2104,0.6153,78.2848,0.6153,78.2792,9
1399,2105,24.0,87.8221,23.9362,87.1447,9
1400,2106,0.5742,21.5324,0.5741,21.5315,9
1401,2109,24.0,69.3879,24.0642,68.8848,9
1402,2110,24.0,483.9857,24.0642,480.0993,0
1403,2111,24.0,68.6299,23.9362,68.1928,9
1404,2113,0.5,121.2006,0.5,120.4222,9
1405,2114,0.6153,28.2916,0.6153,28.2783,9
1406,2115,12.0,178.5843,12.016,177.4398,9
1407,2116,0.5106,27.8874,0.5107,27.8239,9
1408,2117,24.0,2490.4832,23.9362,2474.2862,7
1409,2118,24.0,70.9791,23.9362,70.4117,9
1410,2121,1.0,257.0673,0.9999,256.0199,9
1411,2123,0.515,24.9433,0.5149,24.9415,9
1412,2125,24.0,224.7099,23.9362,223.4288,9
1413,2128,0.5723,29.8758,0.5723,29.8668,9
1414,2129,24.0,275.7003,23.9362,273.2724,9
1415,2130,0.5,56.1326,0.5,56.067,9
1416,2131,0.5459,141.3739,0.5459,141.3345,9
1417,2133,24.0,53.9372,23.9362,53.6102,9
1418,2134,2.0,294.7618,2.0004,293.8121,0
1419,2138,0.5028,30.4186,0.5028,30.4134,9
1420,2140,1.5,574.6017,1.4998,574.4462,0
1421,2141,24.0,684.2565,24.0642,680.2127,0
1422,2142,24.0,456.1833,23.9362,452.3209,0
1423,2144,24.0,116.6228,23.9362,115.7294,9
1424,2145,0.5424,36.8,0.5424,36.7917,9
1425,2146,24.0,455.7435,24.0642,451.5745,0
1426,2147,24.0,692.2913,23.9362,687.9002,0
1427,2148,0.5012,38.3887,0.5012,38.3827,9
1428,2149,24.0,123.1156,24.0642,122.0349,9
1429,2150,24.0,94.8095,24.0642,94.131,9
1430,2152,24.0,2161.8462,23.9362,2142.433,18
1431,2153,0.5902,481.7491,0.5903,481.3564,0
1432,2154,24.0,248.8053,24.0642,247.0989,9
1433,2156,0.6486,425.7091,0.6486,425.1633,0
1434,2158,0.5,1517.3276,0.5,1516.4816,18
1435,2163,0.5,615.742,0.5,611.3092,0
1436,2164,24.0,3147.4662,23.9362,3119.5731,7
1437,2165,0.5588,36.0652,0.5589,36.0642,9
1438,2168,1.2,248.4304,1.1998,248.0662,9
1439,2170,24.0,524.3493,24.0642,520.3266,0
1440,2171,0.5,2754.131,0.5,2731.1891,7
1441,2173,24.0,113.3823,23.9362,112.3981,9
1442,2175,0.5,497.5938,0.5,493.6119,0
1443,2176,1.8462,1624.9185,1.8458,1618.8257,18
1444,2180,4.0018,5282.3424,4.0,5271.839,16
1445,2181,24.0,64.4936,23.9362,63.9999,9
1446,2182,8.0,77.8709,7.9929,77.4939,9
1447,2183,0.5581,29.2726,0.5581,29.2545,9
1448,2184,24.0,266.1808,2.6667,265.1665,9
1449,2186,2.4,48.477,2.4006,48.4048,9
1450,2187,0.5,2665.9776,0.5,2641.8842,7
1451,2190,0.9793,589.111,0.9792,589.0573,0
1452,2192,0.5458,25.9925,0.5458,25.9805,9
1453,2194,24.0,86.8831,23.9362,86.3072,9
1454,2196,0.5,386.1368,0.5,382.9944,0
1455,2198,0.5134,34.0679,0.5134,34.055,9
1456,2199,24.0,1038.3911,23.9362,1029.5414,14
1457,2202,12.0,1664.8064,11.984,1651.954,18
1458,2204,0.5854,78.2539,0.5854,78.2281,9
1459,2206,1.7143,316.4634,1.7146,315.6743,0
1460,2207,0.6005,52.0127,0.6004,51.9885,9
1461,2208,0.5218,37.7709,0.5218,37.7638,9
1462,2209,6.0,177.6373,5.996,176.3987,9
1463,2210,0.5154,45.0308,0.5154,45.0256,9
1464,2211,2.4,109.4328,2.3994,109.2417,9
1465,2212,0.5018,54.4701,0.5018,54.4308,9
1466,2213,0.9084,2076.2564,0.9085,2075.9028,18
1467,2216,24.0,553.8085,24.0642,549.7142,0
1468,2221,24.0,1131.5534,24.0642,1121.5855,14
1469,2222,24.0,163.9062,23.9362,162.4708,9
1470,2223,0.5331,186.8408,0.5331,186.726,9
1471,2224,3.0,1046.3941,2.999,1041.4717,14
1472,2226,0.8889,287.1058,0.889,285.072,0
1473,2227,8.0,111.5179,8.0071,110.7255,9
1474,2228,24.0,269.7645,23.9362,267.3521,9
1475,2230,24.0,645.3749,24.0642,639.4876,0
1476,2231,0.9606,6648.2837,0.9605,6645.0319,3
1477,2232,24.0,91.628,23.9362,91.0247,9
1478,2233,24.0,344.5712,23.9362,341.5228,0
1479,2234,0.5121,39.2978,0.5121,39.2969,9
1480,2240,24.0,290.8114,24.0642,288.2956,0
1481,2242,0.5,456.6617,0.5,454.0648,0
1482,2243,24.0,1146.8461,24.0642,1141.6726,14
1483,2250,0.5304,37.2981,0.5303,37.2813,9
1484,2251,24.0,76.4274,23.9362,75.8311,9
1485,2252,24.0,453.4397,23.9362,449.3735,0
1486,2253,0.5481,40.8615,0.5482,40.8515,9
1487,2255,0.5,2293.3882,0.5,2286.9864,7
1488,2257,0.6392,221.1189,0.6392,221.0219,9
1489,2258,24.0,50.4636,24.0642,50.1233,9
1490,2259,24.0,1899.1333,23.9362,1883.2519,18
1491,2260,0.8227,151.515,0.8227,151.3363,9
1492,2262,24.0,52.6085,23.9362,52.1329,9
1493,2265,24.0,85.127,23.9362,84.5542,9
1494,2266,1.5008,65.3618,1.5005,65.3163,9
1495,2267,24.0,6308.5764,24.0642,6255.22,3
1496,2268,0.6027,37.6474,0.6027,37.6435,9
